user_input,retrieved_contexts,reference_contexts,response,reference,context_precision,context_recall,faithfulness,answer_relevancy,retriever_time,invoke_time
TS. Đặng Trọng Hợp đã phát biểu gì trong buổi gặp mặt tân sinh viên?,"['content: Gặp mặt sinh viên khuyết tật nhân Ngày người khuyết tật Việt Nam Thứ Sáu, 14:42 16/04/2021 1200 Sáng ngày 18/4/2021, Đại học Công nghiệp Hà Nội tổ chức buổi gặp mặt sinh viên khuyết tật nhân Ngày người khuyết tật Việt Nam 18/4. Gặp mặt sinh viên khuyết tật nhân Ngày người khuyết tật Việt Nam Tham dự buổi gặp mặt có PGS.TS. Phạm Văn Bổng - Phó Hiệu trưởng nhà trường, PGS. TS Phạm Văn Đông, Chủ tịch Công đoàn trường, cùng đại diện phòng Công tác sinh viên, Tổ chức Hành chính, Tài chính Kế toán, Trạm Y tế, Trung tâm QLKTX, Đoàn Thanh niên và Hội sinh viên. PGS.TS.Phạm Văn Bổng phát biểu tại buổi gặp mặt Phát biểu tại buổi gặp mặt, PGS.TS.Phạm Văn Bổng thăm hỏi, động viên các em sinh viên khuyết tật đang học tập tại trường, lắng nghe các em chia sẻ về cuộc sống và những dự định trong tương lai. PGS.TS Phạm Văn Bổng khẳng định: Nhà trường luôn quan tâm và tạo điều kiện tốt nhất để sinh viên khuyết tật có môi trường học tập, sinh hoạt tốt cũng như việc thực hiện các chế độ chính sách hỗ trợ cho sinh viên. Thầy mong muốn các em rèn luyện sức khỏe, trau dồi, nâng cao kỹ năng để sau này có thể tự lo cho mình và đóng góp cho xã hội. Tuấn Anh tâm sự: “Em sẽ cố gắng học thật tốt để lo cho bản thân” Đại diện các bạn sinh viên tham dự buổi gặp mặt, bạn La Tuấn Anh - sinh viên lớp Điện 1 K22 bày tỏ trân trọng cảm ơn đến lãnh đạo nhà trường, đến các thầy cô đã luôn quan tâm, tạo điều kiện về học tập, sinh hoạt cho sinh viên khuyết tật có cơ hội vươn lên như người bình thường. Tuấn Anh tâm sự: “Em sẽ cố gắng học thật tốt để lo cho bản thân”. Bạn Trần Văn Nghiệp tâm niệm: “Nơi nào có ý chí, nơi đó có con đường” Sinh viên Trần Văn Nghiệp - lớp CNTT4 K14 chia sẻ: “Đại học Công nghiệp Hà Nội đã cho em một cơ hội, một động lực để em có thể học tập được giống như các bạn. Và nếu như không có thầy cô ở trường thì rất khó để cho em có được như ngày hôm nay”. Em tâm niệm “Nơi nào có ý chí, nơi đó có con đường”. PGS.TS. Phạm Văn Bổng trao quà cho sinh viên Gặp mặt sinh viên khuyết tật là\nnext_contents:\n', 'content: như trong cuộc sống. Tại Hội nghị, PGS.TS. Phạm Văn Bổng - Phó Hiệu trưởng Nhà trường đã trực tiếp giải đáp hơn 80 ý kiến từ sinh viên gửi về, về cơ bản, các em đánh giá tốt sự hỗ trợ của nhà trường, thầy cô trong thời gian dịch bệnh, các em cũng đề nghị thầy Phó Hiệu trưởng làm rõ thêm một số vấn đề như: Thẻ Bảo hiểm Y tế, học online, về thực tập, học quân sự, về học ngoại ngữ… TS. Hoàng Thị Thanh Huyền- Phó trưởng phòng Công tác Sinh viên báo cáo tại Hội nghị Kết thúc Hội nghị, PGS.TS. Phạm Văn Bổng gửi lời chúc mừng năm mới đến toàn thể sinh viên Đại học Công nghiệp Hà Nội. Một năm khó khăn đã sắp qua đi, cùng chúc cho năm 2022 nhiều niềm vui, hạnh phúc và mọi kế hoạch học tập của sinh viên đều thuận lợi, thành công ! Thứ Sáu, 16:08 31/12/2021 Tags: Đại học Công nghiệp Hà Nội Hội nghị Lớp trưởng Bí thư sinh viên Công tác sinh viên\nnext_contents:\n- Hội nghị Lớp trưởng, Bí thư Chi đoàn năm học 2020 - 2021: Giải đáp hơn 80 ý kiến của sinh viên Thứ Sáu, 16:08 31/12/2021 1764 Sáng ngày 31/12, Đại học Công nghiệp Hà Nội tổ chức Hội nghị Lớp trưởng, Bí thư chi đoàn, năm học 2021 - 2022. PGS.TS. Phạm Văn Bổng - Phó Hiệu trưởng nhà trường chủ trì hội nghị và trực tiếp giải đáp hơn 80 ý kiến của sinh viên gửi về Hội nghị. Do tình hình COVID vẫn diễn biến phức tạp, sinh viên chưa thể đến trường, vì thế Hội nghị Lớp trưởng, Bí thư Chi đoàn năm học 2020 – 2021 diễn ra dưới hình thức trực tuyến. Gần 1.500 sinh viên tham dự hội nghị. PGS.TS. Phạm Văn Bổng - Phó Hiệu trưởng nhà trường trực tiếp giải đáp hơn 80 ý kiến của sinh viên gửi về Hội nghị Chỉ đạo và trực tiếp giải đáp ý kiến của sinh viên gửi về hội nghị, PGS.TS. Phạm Văn Bổng - Phó Hiệu trưởng nhà trường đánh giá cao vai trò, trách nhiệm của cán bộ lớp, đặc biệt trong thời gian học online như hiện nay. Thầy Phó Hiệu trưởng nhấn mạnh: Thời đại công nghệ số, mạng xã hội phát triển mạnh mẽ, có nhiều mặt tích cực, nhưng cũng có không ít mặt trái, hiện tượng thông tin chưa kiểm chứng trên mạng xã hội, những bình luận trao đổi không tích cực xuất hiện nhiều, ảnh hưởng không nhỏ đến giới trẻ hiện nay. Vì thế đội ngũ bí thư, lớp trưởng cần thường xuyên quan tâm hơn đến đời sống, tâm tư, nguyện vọng của các bạn trong lớp cả về cuộc sống và trong học tập. Từ đó, sẽ có những trao đổi tích cực, thông tin kịp thời đến thầy cô, để giải đáp, chia sẻ những vấn đề khúc mắc trong học tập cũng như trong cuộc sống. Tại Hội nghị, PGS.TS. Phạm Văn Bổng - Phó Hiệu trưởng Nhà trường đã trực tiếp giải đáp hơn 80 ý kiến từ sinh viên gửi về, về cơ bản, các em đánh giá tốt sự hỗ trợ của nhà trường, thầy cô trong thời gian dịch bệnh, các em cũng đề nghị thầy Phó Hiệu trưởng làm rõ thêm một số vấn đề như: Thẻ Bảo hiểm Y tế, học online, về thực tập, học quân sự, về học ngoại ngữ… TS. Hoàng Thị Thanh Huyền- Phó trưởng phòng Công tác Sinh viên báo cáo tại Hội nghị Kết thúc Hội nghị, PGS.TS. Phạm\n', 'content: sự: “Em sẽ cố gắng học thật tốt để lo cho bản thân”. Bạn Trần Văn Nghiệp tâm niệm: “Nơi nào có ý chí, nơi đó có con đường” Sinh viên Trần Văn Nghiệp - lớp CNTT4 K14 chia sẻ: “Đại học Công nghiệp Hà Nội đã cho em một cơ hội, một động lực để em có thể học tập được giống như các bạn. Và nếu như không có thầy cô ở trường thì rất khó để cho em có được như ngày hôm nay”. Em tâm niệm “Nơi nào có ý chí, nơi đó có con đường”. PGS.TS. Phạm Văn Bổng trao quà cho sinh viên Gặp mặt sinh viên khuyết tật là hoạt động thường niên được Đại học Công nghiệp Hà Nội tổ chức hàng năm, góp phần thực hiện chính sách an sinh xã hội. Thông qua đó giúp nhà trường, các tổ chức đoàn thể lắng nghe, nắm bắt tâm tư, nguyện vọng những khó khăn của sinh viên để có giải pháp hỗ trợ, giúp các em học tập tốt hơn, vững tin trong cuộc sống. Đ/c Đỗ Minh Hiền - Phó Bí thư Đoàn trường trao quà của Đoàn Thanh niên - Hội sinh viên cho các bạn sinh viên Thứ Sáu, 14:42 16/04/2021 Tags: Gặp mặt sinh viên khuyết tật Ngày người khuyết tật Việt Nam 18/4 công tác sinh viên\nnext_contents:\n- Gặp mặt sinh viên khuyết tật nhân Ngày người khuyết tật Việt Nam Thứ Sáu, 14:42 16/04/2021 1200 Sáng ngày 18/4/2021, Đại học Công nghiệp Hà Nội tổ chức buổi gặp mặt sinh viên khuyết tật nhân Ngày người khuyết tật Việt Nam 18/4. Gặp mặt sinh viên khuyết tật nhân Ngày người khuyết tật Việt Nam Tham dự buổi gặp mặt có PGS.TS. Phạm Văn Bổng - Phó Hiệu trưởng nhà trường, PGS. TS Phạm Văn Đông, Chủ tịch Công đoàn trường, cùng đại diện phòng Công tác sinh viên, Tổ chức Hành chính, Tài chính Kế toán, Trạm Y tế, Trung tâm QLKTX, Đoàn Thanh niên và Hội sinh viên. PGS.TS.Phạm Văn Bổng phát biểu tại buổi gặp mặt Phát biểu tại buổi gặp mặt, PGS.TS.Phạm Văn Bổng thăm hỏi, động viên các em sinh viên khuyết tật đang học tập tại trường, lắng nghe các em chia sẻ về cuộc sống và những dự định trong tương lai. PGS.TS Phạm Văn Bổng khẳng định: Nhà trường luôn quan tâm và tạo điều kiện tốt nhất để sinh viên khuyết tật có môi trường học tập, sinh hoạt tốt cũng như việc thực hiện các chế độ chính sách hỗ trợ cho sinh viên. Thầy mong muốn các em rèn luyện sức khỏe, trau dồi, nâng cao kỹ năng để sau này có thể tự lo cho mình và đóng góp cho xã hội. Tuấn Anh tâm sự: “Em sẽ cố gắng học thật tốt để lo cho bản thân” Đại diện các bạn sinh viên tham dự buổi gặp mặt, bạn La Tuấn Anh - sinh viên lớp Điện 1 K22 bày tỏ trân trọng cảm ơn đến lãnh đạo nhà trường, đến các thầy cô đã luôn quan tâm, tạo điều kiện về học tập, sinh hoạt cho sinh viên khuyết tật có cơ hội vươn lên như người bình thường. Tuấn Anh tâm sự: “Em sẽ cố gắng học thật tốt để lo cho bản thân”. Bạn Trần Văn Nghiệp tâm niệm: “Nơi nào có ý chí, nơi đó có con đường” Sinh viên Trần Văn Nghiệp - lớp CNTT4 K14 chia sẻ: “Đại học Công nghiệp Hà Nội đã cho em một cơ hội, một động lực để em có thể học tập được giống như các bạn. Và nếu như không có thầy cô ở trường thì rất khó để cho em có được như ngày hôm nay”. Em tâm niệm “Nơi nào có ý chí, nơi đó có con đường”. PGS.TS. Phạm Văn Bổng trao quà cho sinh viên Gặp mặt sinh viên khuyết tật là\n', 'content: Chào tân sinh viên HaUI 2024: Bùng nổ cảm xúc cùng khát vọng của tuổi trẻ Thứ Tư, 17:38 16/10/2024 2190 Trong suốt những ngày cuối tháng 9, đầu tháng 10, chuỗi sự kiện “Chào tân sinh viên HaUI 2024” được các Khoa, Trường thuộc Trường Đại học Công nghiệp Hà Nội tổ chức, mang đến nhiều màu sắc, thu hút sự tham gia của đông đảo sinh viên với những hoạt động hấp dẫn. Vinh danh thủ khoa đầu vào năm học 2024 Vinh danh tân sinh viên xuất sắc là một trong những điểm nhấn của chương trình. Các bạn sinh viên thủ khoa đầu vào của trường trong kỳ thi tuyển sinh năm 2024 được trao thưởng, chúc mừng; được khích lệ, truyền lửa để các bạn trẻ viết tiếp ước mơ tại Đại học Công nghiệp Hà Nội. Thủ khoa đầu vào mùa tuyển sinh năm 2024 của Khoa Công nghệ May và Thiết kế thời trang rạng rỡ trong ngày Chào tân sinh viên của khoa PGS.TS. Phạm Thị Mai Hương -Trưởng Khoa CN Hóa; PGS.TS. Nguyễn Thế Hữu, PGS.TS. Nguyễn Tuấn Anh – Phó trưởng khoa chúc mừng sinh viên thủ khoa mùa tuyển sinh 2024 của Khoa TS.Đặng Trọng Hợp – Trưởng khoa CNTT chúc mừng thủ khoa mùa tuyển sinh 2024 TS.Nguyễn Văn Thiện – Phó Hiệu trưởng nhà trường; PGS.TS. Trịnh Trọng Chưởng – Phụ trách Khoa Điện chúc mừng các bạn sinh viên của Khoa TS.Hoàng Mạnh Kha – Trưởng khoa Điện tử và TS.Bồ Quốc Bảo – Phó trưởng khoa chúc mừng các bạn tân sinh viên thủ khoa PGS.TS. Hoàng Tiến Dũng – Hiệu trưởng Trường Cơ khí – Ô tô và Ông Nguyễn Duy Nghĩa – Giám đốc Công ty cổ phần Trí Lực Việt Nam trao tặng khen thưởng các tân thủ khoa 09 ngành đại học K19 PGS.TS.Nguyễn Thị Hồng Nga – Hiệu trưởng Trường Kinh tế; TS. Vũ Đình Khoa – Phó Hiệu trưởng, TS. Trương Thanh Hằng – Phó Hiệu trưởng chúc mừng Thủ khoa đầu vào của Trường Kinh tế, HaUI TS. Trần Ngọc Đức - Phó Hiệu trưởng Trường Ngoại ngữ - Du lịch và đồng chí Trần Thị Hương Giang - Phó Bí thư Đoàn Thanh niên, Chủ tịch Hội Sinh viên Trường Đại học Công nghiệp Hà Nội trao giải cho các vận động viên, đại đội đạt giải Nhất hội thao chào tân sinh viên Lan tỏa giá trị từ những “người truyền\nnext_contents:\n']","['Gặp mặt tân Sinh viên K15 khoa Công nghệ thông tin Chương trình để lại những ấn tượng sâu đậm trong lòng các thầy cô và các sinh viên, đánh dấu sự khởi đầu tốt đẹp cho một năm học hứa hẹn nhiều thành công. Trong không khí vui mừng, rạo rực những ngày đầu nhập học, buổi gặp mặt vừa là dịp để khoa giới thiệu ngành nghề, cơ hội việc làm, vừa là dịp để các em tân sinh viên giao lưu với cựu sinh viên trong khoa, biết được xu thế Công nghệ thông tin và định hướng trong công việc học tập phía trước. Đến tham dự buổi gặp mặt, có TS. Đặng Trọng Hợp – Phụ trách khoa, TS Trần Tiến Dũng – Phó khoa; Bí thư chi đoàn; Các thầy côc chủ nhiệm lớp; đại diện doanh nghiệp học viện IT Plus, cùng toàn thể tân sinh viên Khóa 15. Mở đầu chương trình được chào đón bằng các tiết mục văn nghệ đặc sắc, sôi động do đội văn nghệ của khoa biểu diễn. Tiếp đó, TS Đặng Trọng Hợp – Phụ trách khoa- đại diện cho Ban lãnh đạo khoa phát biểu, chúc mừng hơn 1000 tân sinh viên khóa 15 đã trúng tuyển vào khoa Công nghệ thông tin. Thầy giới thiệu đôi nét về khoa, về ngành nghề và về cơ hội việc làm trong lĩnh vực Công nghệ thông tin. TS Đặng Trọng Hợp - Phụ trách khoa giới thiệu về khoa và cơ hội việc làm Thầy Nguyễn Văn Thắng - Phó khoa CNTT hướng dẫn sinh viên về Quy chế đào tạo tín chỉ Đồng chí Trịnh Bá Qúy – Bí thư Chi đoàn Khoa Công nghệ thông tin, giới thiệu về các tổ chức, phong trào tiêu biểu, những thành tích mà các tập thể, cá nhân đạt được trong năm học vừa qua của hoạt động Đoàn với mong muốn trong thời gian tới, hoạt động đoàn hội cũng như hoạt động Nghiên cứu khoa học sẽ thu hút nhiều gương mặt tân sinh viên tham gia. Đặc biệt các em được gặp gỡ và giao lưu với đại diện từ học viện IT Plus, mang đến cho các em Tân sinh viên niềm tự hào, hy vọng và lòng quyết tâm cao khi chọn Công nghệ thông tin. Đại diện Học viện IT Plus chia sẻ về nghề nghiệp và xu hướng Công nghệ thông tin hiện na Tại buổi chào mừng, Khoa Công nghệ thông tin kết hợp với Học viện IT Plus tặng giấy khen và trao thưởng cho các em đạt điểm đầu vào cao nhất. Đây là nguồn động viên, khích lệ để các sinh viên tiếp tục cố gắng và đạt thành tích cao hơn nữa trong thời gian tới. Các sinh viên có điểm đầu vào cao nhất được khoa quan tâm, động viên bằng phần thưởng cho sự cố gắng nỗ lực của các em Với sự chuẩn bị chu đáo và không khí cởi mở, buổi gặp mặt đã diễn ra sôi nổi và thành công.']","Trong buổi gặp mặt tân sinh viên K15 của Khoa Công nghệ thông tin, TS. Đặng Trọng Hợp - Phụ trách khoa đã phát biểu chúc mừng hơn 1000 tân sinh viên đã trúng tuyển vào khoa. Ông đã giới thiệu về khoa, ngành nghề và cơ hội việc làm trong lĩnh vực Công nghệ thông tin. Buổi gặp mặt không chỉ là dịp để các tân sinh viên giao lưu với cựu sinh viên mà còn giúp các em hiểu rõ hơn về xu thế Công nghệ thông tin và định hướng trong học tập.

Ngoài ra, chương trình còn có sự tham gia của các thầy cô và đại diện doanh nghiệp, tạo cơ hội cho sinh viên tìm hiểu thêm về nghề nghiệp trong tương lai.

Nguồn: [Gặp mặt tân Sinh viên K15 khoa Công nghệ thông tin] - [**Link tham khảo**](https://fit.haui.edu.vn/vn/tin-tuc/gap-mat-tan-sinh-vien-k15-khoa-cong-nghe-thong-tin/66311).

Nếu bạn cần thêm thông tin hoặc có câu hỏi khác, hãy cho tôi biết!","TS. Đặng Trọng Hợp – Phụ trách khoa đã phát biểu chúc mừng hơn 1000 tân sinh viên khóa 15 đã trúng tuyển vào khoa Công nghệ thông tin. Thầy giới thiệu đôi nét về khoa, về ngành nghề và về cơ hội việc làm trong lĩnh vực Công nghệ thông tin.",0.0,0.0,0.0,0.8037638416353827,1.673734188079834,4.6568779945373535
Khoa có gì đặc biệt cho sinh viên mới không?,"['content: Chương trình “Chào tân sinh viên” đặc biệt của Đại học Công nghiệp Hà Nội Thứ Ba, 20:14 12/10/2021 35325 Từ ngày 9/10 - 17/10, Đại học Công nghiệp Hà Nội tổ chức chương trình “Chào tân sinh viên” và tuần sinh hoạt công dân cho sinh viên đại học K16. Một chương trình Chào tân sinh viên đặc biệt bằng hình thức trực tuyến, nhưng vẫn được sinh viên chào đón với tâm thế hào hứng và sẵn sàng cho một năm học mới. Rời xa tuổi học trò, bước những bước chân đầu tiên tới giảng đường đại học, chắc hẳn các bạn tân sinh viên ít nhiều đều mang trong mình những cảm xúc mới mẻ. Nhưng cảm xúc năm nay đặc biệt hơn bởi giảng đường đại học chỉ là hình ảnh, qua video và qua giới thiệu của thầy cô. Nhưng tất cả vẫn háo hức, vẫn tràn ngập niềm tin dịch bệnh sẽ qua đi để các em sớm được tựu trường, sớm được gặp thầy, cô bạn bè. PGS.TS. Trần Đức Quý - Bí thư Đảng ủy, Hiệu trưởng Nhà trường phát biểu trong Thông điệp chào mừng năm học mới 2021 - 2022 Sáng ngày 9/10, Khoa Công nghệ May và Thiết kế thời trang đã tổ chức “Chào tân sinh viên” khóa mới và thực hiện trao 04 suất học bổng cho các thủ khoa. Tân sinh viên khóa mới háo hức khi tham dự chương trình “Chào tân sinh viên” do Khoa CN May và Thiết kế thời trang tổ chức Chào Tân sinh viên là món quà đặc biệt mà thầy và trò Khoa Du Lịch gửi tặng cho 511 tân sinh viên của Khoa. Chương trình đã thành công rực rỡ, mang lại cho những tân binh Khoa Du lịch một nguồn năng lượng khởi đầu mới để các em tiếp tục thành công trên con đường đi tìm tri thức mới, đặt nền tảng vững chắc cho sự nghiệp của mình trong tương lai. Sáng ngày 29/9, Khoa Ngoại ngữ cũng đã tổ chức chương trình “Chào mừng tân sinh viên” ngành Ngôn ngữ Anh, Ngôn ngữ Trung Quốc, Ngôn ngữ Hàn Quốc và Ngôn ngữ Nhật Bản. 485 sinh viên mới của khoa đã sẵn sàng cho một năm học mới với niềm tin vào tình hình dịch bệnh sớm qua để các em sớm được tựu trường. Khoa CNTT để lại nhiều ấn tượng với chương trình chào mừng hơn 900 tân sinh viên khóa 16 gia nhập ngôi nhà chung HaUI. Khoa vinh dự khi\nnext_contents:\n', 'content: tập, chủ nhiệm lớp… - Thứ Ba, trong sự quan tâm của Lãnh đạo nhà trường chúng tôi những người làm công tác sinh viên ý thức rất rõ trách nhiệm trong công tác giáo dục sinh viên “có lý tưởng cao đẹp, sống có văn hoá, có tri thức và tình nghĩa"" là nhiệm vụ hàng đầu, Phòng CTSV phối hợp với đơn vị đào tạo trong nhà trường, sẽ nâng cao năng lực tham mưu, đề xuất với Lãnh đạo nhà trường và tiếp tục tìm tòi, đổi mới các phương thức, hình thức giáo dục lý tưởng Sinh viên. Đồng thời nâng cao chất lượng đội ngũ cán bộ làm công tác quản lý sinh viên. - Thứ Tư, thường xuyên bám sát diễn biến đánh giá tình hình sinh viên; xử lý các tình huống nảy sinh, định hướng tư tưởng, dư luận sinh viên, đảm bảo tính thuyết phục và đáp ứng nhu cầu chính đáng của sinh viên, khai thác triệt để thế mạnh của hệ thống liên kết giữa website của nhà trường và mạng xã hội kiên quyết không để xảy ra bức xúc kéo dài trong sinh viên, góp phần giữ vững ổn định tình hình sinh viên nhà trường. Đoàn sinh viên Đại học Công nghiệp Hà Nội về thăm quê Bác Về công tác định hướng nghề nghiệp cho sinh viên: Một là, Cần nhất quán và coi trong công tác hỗ trợ học tập và nghiên cứu khoa học của sinh viên, coi các công trình sáng tạo của sinh viên là giải pháp có tính đột phá góp phần nâng cao chất lượng sản phẩm đào tạo của Nhà trường, đồng thời cần có những chính sách cụ thể để thúc đẩy hoạt động nghiên cứu khoa học, các hoạt động sáng tạo với sự tham gia, xúc tiến, hỗ trợ của các tổ chức ngoài Nhà trường để kết nối với các nhu cầu thực tiễn cũng như tăng cường nguồn lực đầu tư. Cần chuyển từ hình thức học chủ yếu ở trên lớp sang hình thức học tập đa dạng, chú ý các hoạt động xã hội, ngoại khóa, nghiên cứu khoa học làm tăng tư duy sáng tạo cho sinh viên Hai là, Phối hợp chặt chẽ với các doanh nghiệp, đặc biệt là các doanh nghiệp lớn, các doanh nghiệp do cựu HSSVHV nhà trường làm chủ, trong công tác tư vấn hướng nghiệp cho sinh viên. Tổ chức các buổi giới thiệu ngành nghề đào tạo với sự tham gia của các cựu HSSVHV\nnext_contents:\n- cũng hào hứng với các hoạt động học tập hay sáng tạo; một bộ phận nhỏ sinh viên chưa có phương pháp, kỹ năng, động cơ học tập đúng đắn khiến họ “khủng hoảng niềm tin”, “lạc lõng tìm kiếm giá trị” dẫn đến xa vào vòng xoáy tệ nạn, cuốn theo mặt trái và tác động tiêu cực của xã hội. Vẫn còn sinh viên bị xóa tên do kết quả học tập kém hoặc nghỉ học dài ngày. Hiện tượng gian lận trong thi cử vẫn còn dù công tác tổ chức thi đã được nhà trường xiết chặt Trong bối cảnh trên, nâng cao chất lượng công tác sinh viên, đặc biệt các vấn đề giáo dục về lý tưởng, nắm bắt nhu cầu đồng thời định hướng nghề nghiệp cho sinh viên là đòi hỏi và nhiệm vụ đặt ra rất cần thiết. Nhằm góp phần thực hiện mục tiêu đó, tôi xin được nêu ra một số giải pháp và kiến nghị như sau: Về công tác giáo dục tư tưởng và nắm bắt nhu cầu của sinh viên: - Trước hết, SV ngày nay được sinh ra và lớn lên có nhiều điều kiện tốt để vươn cao và xa hơn, song điều cốt yếu hiện nay là cần tạo dựng cho SV ý chí tự lực, tự cường, dám tự tin vượt qua mọi khó khăn, thử thách. Giúp họ biết chọn lựa, tiếp thu những tinh hoa văn hoá và nâng cao khả năng đề kháng trước các cám dỗ vật chất và các tệ nạn xã hội. - Thứ Hai, tiếp tục đổi mới phương thức giáo dục “lý luận gắn với thực tiễn”. Hình thức giáo dục cần phù hợp với tâm lý lứa tuổi ưa thích cái mới và sự sáng tạo; đề cao yếu tố ""tự giáo dục"", ""tự rèn luyện"" của người thanh niên đi đôi với sự hỗ trợ, giúp đỡ, hướng dẫn mang tính định hướng của các thầy cô giáo, đội ngũ cố vấn học tập, chủ nhiệm lớp… - Thứ Ba, trong sự quan tâm của Lãnh đạo nhà trường chúng tôi những người làm công tác sinh viên ý thức rất rõ trách nhiệm trong công tác giáo dục sinh viên “có lý tưởng cao đẹp, sống có văn hoá, có tri thức và tình nghĩa"" là nhiệm vụ hàng đầu, Phòng CTSV phối hợp với đơn vị đào tạo trong nhà trường, sẽ nâng cao năng lực tham mưu, đề xuất với Lãnh đạo nhà trường và tiếp tục tìm tòi, đổi mới các phương thức, hình thức giáo dục lý tưởng Sinh viên. Đồng thời nâng cao chất lượng\n', ""content: sẵn sàng cho mọi tình huống trong cuộc sống hàng ngày. Trường thành hơn từ phong trào sinh viên nghiên cứu khoa học, sinh viên Khoa Công nghệ May và Thiết kế thời trang nói riêng, sinh viên Trường Đại học Công nghiệp Hà Nội nói chung không chỉ được tiếp cận với khoa học và con đường học thuật chuyên nghiệp mà còn là hành trang hữu ích giúp sinh viên chinh phục con đường lập nghiệp và thành công trong tương lai. Thứ Sáu, 10:26 16/08/2024 Tags: sinh viên nghiên cứu khoa học Trường Đại học Công nghiệp Hà Nội túi thời trang tái chế túi tái chế tái chế Khoa Công nghệ May và Thiết kế thời trang\nnext_contents:\n- tiêu dùng, Hải Yến cho biết: Nhóm nghiên cứu đã áp dụng một quá trình phát triển sản phẩm liên tục, sử dụng phản hồi của khách hàng để cải thiện và hoàn thiện các sản phẩm. Đây là một cách tiếp cận giúp đảm bảo các sản phẩm cuối cùng sẽ đáp ứng được nhu cầu và sở thích của người tiêu dùng. Việc kết hợp khảo sát ý kiến khách hàng ở cả giai đoạn thiết kế lẫn sau khi sản xuất sản phẩm mới giúp nhóm nghiên cứu có được những thông tin phản hồi quan trọng để cải thiện sản phẩm và đáp ứng nhu cầu thị trường tốt hơn. Sản phẩm túi xách lớn được khách hàng khá ưa chuộng vì tính ứng dụng cao, đựng được nhiều đồ,… phù hợp với nhiều đối tượng từ học sinh, sinh viên, nhân viên văn phòng, công nhân lao động đều sử dụng rất tiện ích Hiện nay, khách hàng không chỉ quan tâm đến chức năng của sản phẩm mà còn đặc biệt quan tâm đến yếu tố thẩm mỹ, phong cách. Trong đó, khách hàng đặc biệt quan tâm đến các tiêu chí như kiểu dáng, họa tiết, chất liệu,… Vì vậy, Hana's Bag luôn chú tâm phát triển và tiếp thị các sản phẩm túi tiện dụng và hợp thời trang để đáp ứng nhu cầu của người dùng khi đi chơi, đi học, dạo phố,… Trong thời gian tới, nhóm tiếp tục nghiên cứu, thiết kế và đưa ra sản phẩm túi xách lớn có tích hợp tính năng sạc dự phòng, cứu cánh những trường hợp điện thoại hết pin hoặc sạc cho các thiết bị điện tử như airpod, đồng hồ thông minh, máy tính bảng,… Túi tích hợp sạc không chỉ là một phụ kiện tiện ích mà còn là một biểu tượng của sự tiện lợi và hiện đại, giúp người dùng duy trì kết nối và sẵn sàng cho mọi tình huống trong cuộc sống hàng ngày. Trường thành hơn từ phong trào sinh viên nghiên cứu khoa học, sinh viên Khoa Công nghệ May và Thiết kế thời trang nói riêng, sinh viên Trường Đại học Công nghiệp Hà Nội nói chung không chỉ được tiếp cận với khoa học và con đường học thuật chuyên nghiệp mà còn là hành trang hữu ích giúp sinh viên chinh phục con đường lập nghiệp và thành công trong tương lai. Thứ Sáu, 10:26 16/08/2024 Tags: sinh viên nghiên cứu khoa học Trường Đại học Công\n"", 'content: nghiệp hoặc những người đi trước, tham gia các hoạt động giao lưu và tìm hiểu từ các nguồn thông tin như sách, bài viết, trang web để có cái nhìn tổng quan về các lĩnh vực khác nhau và tìm thấy sự phù hợp với sở thích và năng lực của mình. - Tư vấn hướng nghiệp sớm: Sinh viên năm đầu cần có cơ hội tham gia vào các buổi tư vấn hướng nghiệp để được tư vấn và hỗ trợ trong quá trình xác định mục tiêu nghề nghiệp và lựa chọn hướng đi phù hợp trong ngành học. Tư vấn hướng nghiệp có thể giúp sinh viên nhận ra những sở thích, kỹ năng và giá trị cá nhân của mình, từ đó tạo ra các lựa chọn nghề nghiệp phù hợp và có ý nghĩa. - Tham gia hoạt động xã hội và tình nguyện: Hoạt động xã hội và tình nguyện có thể giúp sinh viên năm đầu tiên phát triển kỹ năng mềm, mở rộng mạng lưới kết nối và có trải nghiệm thực tế trong các lĩnh vực quan tâm của họ. Thông qua việc tham gia các câu lạc bộ, tổ chức xã hội, hoạt động tình nguyện, sinh viên có thể khám phá sở thích cá nhân, xây dựng kỹ năng quan trọng và tạo mối quan hệ có ích cho tương lai nghề nghiệp. - Tìm hiểu về thị trường lao động và xu hướng nghề nghiệp: Sinh viên cần cập nhật thông tin về thị trường lao động và xu hướng nghề nghiệp hiện tại và tương lai. Điều này có thể bao gồm việc nghiên cứu về ngành nghề, tìm hiểu về các vị trí việc làm tiềm năng, yêu cầu kỹ năng và trình độ giáo dục, cũng như những xu hướng mới trong ngành. - Tìm kiếm cơ hội học tập ngoại khóa: Sinh viên năm đầu có thể tìm kiếm cơ hội học tập ngoại khóa hoặc thậm chí thực tập sớm để có trải nghiệm thực tế trong lĩnh vực nghề nghiệp của mình. Điều này giúp sinh viên áp dụng kiến thức học tập vào thực tế, xác định sự phù hợp và khám phá thêm về ngành nghề của mình. Như vậy, hướng nghiệp cho sinh viên năm đầu là rất quan trọng để các em xác định mục tiêu nghề nghiệp, chọn ngành học phù hợp và chuẩn bị cho công việc trong tương lai. Qua tìm hiểu, tư vấn, tham gia hoạt động xã hội, và tìm kiếm cơ hội thực tập, sinh viên có thể xây dựng một cơ sở vững chắc cho sự\nnext_contents:\n- định hướng nghề nghiệp và giúp sinh viên hiểu rõ hơn về sự phù hợp và quyết định cuối cùng của mình. Như vậy có thể thấy, định hướng nghề nghiệp của sinh viên phụ thuộc vào nhiều yếu tố. Các yếu tố này có mối quan hệ khăng khít và tác động qua lại với nhau trong quá trình sinh viên định hình tương lai nghề nghiệp của mình. Trong đó, hoạt động tư vấn hướng nghiệp đóng vai trò quan trọng, mang đến tác động lớn đối với sinh viên như: xác định hướng đi nghề nghiệp; hướng dẫn lựa chọn chương trình học; phát triển các kỹ năng quan trọng; tạo cơ hội thực tập và việc làm; mở rộng mạng lưới kết nối; hỗ trợ trong quá trình chuyển tiếp từ môi trường học tập sang môi trường công việc. II. MỘT SỐ GIẢI PHÁP TĂNG CƯỜNG HƯỚNG NGHIỆP CHO SINH VIÊN KHOA CÔNG NGHỆ THÔNG TIN 1. Hướng nghiệp cho sinh viên đầu khóa Hướng nghiệp cho sinh viên mới bước chân vào giảng đường đại học là hoạt động rất quan trọng. Giai đoạn đầu của hành trình đại học là thời điểm sinh viên bắt đầu xác định và hình thành ý thức về mục tiêu nghề nghiệp của mình. Đây là thời điểm quan trọng để xác định hướng đi nghề nghiệp, định hướng lựa chọn các học phần tự chọn phù hợp trong quá trình học và bắt đầu chuẩn bị cho tương lai công việc. Dưới đây là một số hoạt động quan trọng để hướng nghiệp cho sinh viên năm nhất: - Tìm hiểu và khám phá: Sinh viên năm đầu cần dành thời gian để tìm hiểu và khám phá các ngành học và lĩnh vực nghề nghiệp khác nhau. Họ có thể tham gia các buổi tư vấn hướng nghiệp, trao đổi với đại diện các doanh nghiệp hoặc những người đi trước, tham gia các hoạt động giao lưu và tìm hiểu từ các nguồn thông tin như sách, bài viết, trang web để có cái nhìn tổng quan về các lĩnh vực khác nhau và tìm thấy sự phù hợp với sở thích và năng lực của mình. - Tư vấn hướng nghiệp sớm: Sinh viên năm đầu cần có cơ hội tham gia vào các buổi tư vấn hướng nghiệp để được tư vấn và hỗ trợ trong quá trình xác định mục tiêu nghề nghiệp và lựa chọn hướng đi phù hợp trong ngành học. Tư vấn hướng nghiệp có thể giúp sinh\n']","['Kết thúc chương trình, các bạn tân sinh viên ra về trong sự vui vẻ, tràn đầy năng lượng để tiếp tục gắn bó với khoa 4 năm tới, để lại những ấn tượng sâu đậm trong lòng các thầy cô và các sinh viên, đánh dấu sự khởi đầu tốt đẹp cho một năm học hứa hẹn nhiều thành công. Tập thể lớp chụp ảnh lưu niệm cùng các thầy cô Thứ Tư, 08:17 28/10/2020 Tags:']","Khoa Công nghệ Thông tin tại Đại học Công nghiệp Hà Nội có nhiều hoạt động đặc biệt dành cho sinh viên mới. Dưới đây là một số điểm nổi bật:

1. **Chương trình ""Chào tân sinh viên""**:
   - Khoa tổ chức chương trình chào mừng cho hơn 900 tân sinh viên khóa 16, tạo cơ hội để các bạn làm quen với môi trường học tập mới và kết nối với nhau.
   - Chương trình này thường bao gồm các hoạt động giao lưu, giới thiệu về khoa và các cơ hội học tập, nghiên cứu.

2. **Tư vấn hướng nghiệp**:
   - Sinh viên năm đầu được tham gia các buổi tư vấn hướng nghiệp, giúp họ xác định mục tiêu nghề nghiệp và lựa chọn hướng đi phù hợp trong ngành học.
   - Các hoạt động này giúp sinh viên khám phá sở thích cá nhân và phát triển kỹ năng mềm thông qua các câu lạc bộ và hoạt động tình nguyện.

3. **Học bổng và hỗ trợ học tập**:
   - Khoa cũng có các suất học bổng dành cho sinh viên xuất sắc, khuyến khích tinh thần học tập và nghiên cứu khoa học.

4. **Hoạt động nghiên cứu khoa học**:
   - Sinh viên được khuyến khích tham gia vào các hoạt động nghiên cứu khoa học, giúp họ tiếp cận với kiến thức chuyên môn và phát triển kỹ năng cần thiết cho tương lai.

Những hoạt động này không chỉ giúp sinh viên mới hòa nhập nhanh chóng vào môi trường học tập mà còn tạo nền tảng vững chắc cho sự nghiệp sau này.

Nguồn tham khảo: [Chương trình “Chào tân sinh viên” đặc biệt của Đại học Công nghiệp Hà Nội] - [**Link tham khảo**](https://www.haui.edu.vn/vn/tin-tuc/chuong-trinh-chao-tan-sinh-vien-dac-biet-cua-dai-hoc-cong-nghiep-ha-noi/63206). 

Nếu bạn có thêm câu hỏi nào khác hoặc cần thông tin chi tiết hơn, hãy cho tôi biết!","Khoa để lại những ấn tượng sâu đậm trong lòng các thầy cô và các sinh viên, đánh dấu sự khởi đầu tốt đẹp cho một năm học hứa hẹn nhiều thành công.",0.9999999999,0.0,0.4642857142857143,0.8366823553024711,0.8568539619445801,8.442393064498901
Nguyễn Đức Huy đã nghiên cứu những kỹ thuật gì trong lĩnh vực trí tuệ nhân tạo và ứng dụng của chúng?,"['content: số điện nước tự động ứng dụng kỹ thuật học sâu Nguyễn Văn Thùy (CN) 2019DHKTPM04 - ĐH K14 ThS. Lê Thị Thủy 17 Nghiên cứu các kỹ thuật học máy và ứng dụng vào bài toán phát hiện sản phẩm lỗi Cao Bá Lộc (CN) Lê Minh Hiếu Lương Thị Sao Mai 2019DHCNTT01 - ĐH K14 ThS. Vũ Thị Tuyết Mai 18 Nghiên cứu các kỹ thuật học máy và ứng dụng xây dựng dây truyền phân loại hoa quả tự động Lê Quảng Nam (CN) Nguyễn Thành Dương Vũ Đức Cường 2019DHKTPM04 - ĐH K14 ThS. Mai Thanh Hồng 19 Nghiên cứu thuật toán phân lớp K-láng giềng gần nhất và ứng dụng thuật toán để phân loại văn bản Nguyễn Thị Huyền (CN) Trần Hà Bắc Nguyễn Việt Trung 2019DHCNTT02 - ĐH K14 ThS. Mai Thanh Hồng 20 Nghiên cứu Web 3D và ứng dụng hỗ trợ phát triển kỹ năng đọc sách cho trẻ em. Đinh Thị Trang (CN) Hà Ngọc Ánh Nguyễn Văn Cường Trần Thị Thu 2018DHCNTT04 - ĐH K13 ThS. Vũ Minh Yến 21 Nghiên cứu xử lý multiplayer trong ứng dụng 3D. Đào Văn Nguyên (CN) Phạm Thế Phúc 2019DHCNTT01 - ĐH K14 ThS. Vũ Minh Yến 22 Nghiên cứu MongoDB và ứng dụng trong cân bằng tải Mai Thị Hường (CN) Nguyễn Khắc Huy Tạ Văn Hiếu Trần Huy Cảnh 2019DHKTPM04 - ĐH K14 ThS. Nguyễn Thị Hương Lan 23 Xây dựng website Quản lý kết quả học tập và trao đổi thông tin giữa giáo viên và phụ huynh học sinh trong học online Phạm Văn Biển (CN) Tạ Việt Khang Nguyễn Thi Mời 2019DHCNTT06 - ĐH K14 ThS. Vũ Thị Tuyết Mai 24 Xây dựng ứng dụng trải nghiệm của một thanh niên tình nguyện FIT-HAUI Nguyễn Hoàng Minh (CN) Nguyễn Thị Huyền Trần Đức Long 2018DHHTTT02 - ĐH K13 ThS. Nguyễn Thị Thanh Huyền 25 Xây dựng ứng dụng di động quản lý hoạt động của các thiết bị điện từ xa Trương Thị Thu Phương (CN) Nguyễn Vũ Chí Tình Hà Thị Phượng Hà Văn Phòng 2019DHCNTT05 - ĐH K14 ThS. Nguyễn Trung Phú 26 Xây dựng website hỗ trợ học lập trình Web Vũ Đình Quân (CN) Nguyễn Anh Tú Trần Huy Thắng Trần Văn Hoàng Đinh Khắc Tuấn 2020DHKTPM04 - ĐH K15 ThS. Đỗ Sinh Trường 27 Nghiên cứu mạng Resnet và ứng dụng cho bài toán phân loại ảnh. Nguyễn Hồng Phong (CN) Đặng Đình Phức Vi Văn Oanh Hạ Ngọc Nam\nnext_contents:\n- K14 TS. Nguyễn Mạnh Cường 8 Xây dựng website quản lý đề thi cho trường ĐH Công Nghiệp Hà Nội bằng framework Lavarel Nguyễn Xuân Giang (CN) Ngô Khương Duy Lê Mạnh Hùng Đào Văn Hoàng 2019DHHTTT01 - ĐH K14 ThS. Đoàn Văn Trung 9 Điểm danh trong lớp học bằng khuôn mặt ứng dụng kỹ thuật hoc sâu Lê Văn Hùng (CN) Nguyễn Đình Tùng Lâm Nguyễn Thị Thùy Linh Trần Minh Thắng Nguyễn Lương Nam Anh 2019DHKTPM03 - ĐH K14 TS. Trần Hùng Cường 10 Nghiên cứu xây dựng hệ thống hỗ trợ chuẩn đoán bệnh theo đông y Mai Đăng Khoa (CN) Phạm Hoàng Long Quyền Ngọc Minh 2019DHHTTT02 - ĐH K14 ThS. Ngô Thị Bích Thúy 11 Xây dựng website quản lý kho hàng cho doanh nghiệp vận tải bằng framework Lavarel Nguyễn Quốc Khánh (CN) Nguyễn Quốc Minh Ngô Quang Nhật Minh Hồ Quang Anh Trần Khánh Toàn 2020DHKTPM04 - ĐH K15 ThS. Lê Anh Thắng 12 Tìm hiểu và áp dụng công nghệ Ajax để tăng tốc độ truy cập website. Hoàng Văn Mạnh (CN) Quách Văn Long Trần Đình Huân Cao Văn Nhật 2019DHKTPM04 - ĐH K14 ThS. Đăng Quỳnh Nga 13 Nghiên cứu về kỹ thuật Web API và tích hợp Web API vào Website bán hàng. Ngô Canh Thìn (CN) 2018DHKTPM02 - ĐH K13 ThS. Đỗ Ngọc Sơn 14 Nghiên cứu, phát hiện và đánh giá quảng cáo độc hại trên website Nguyễn Ngọc Hoài (CN) Lê Thị Hiền Trần Thị Duyên Phan Thị Yến Linh Nguyễn Thị Thùy Linh 2019DHCNTT02 - ĐH K14 ThS. Phạm Thị Kim Phượng 15 Nghiên cứu các phương pháp xử lý ngôn ngữ tự nhiên và ứng dụng Đinh Văn Chính (CN) Nguyễn Mạnh Cường Nguyễn Trung Dũng 2019DHCNTT05 - ĐH K14 ThS. Lê Thị Thủy 16 Thu thập chỉ số điện nước tự động ứng dụng kỹ thuật học sâu Nguyễn Văn Thùy (CN) 2019DHKTPM04 - ĐH K14 ThS. Lê Thị Thủy 17 Nghiên cứu các kỹ thuật học máy và ứng dụng vào bài toán phát hiện sản phẩm lỗi Cao Bá Lộc (CN) Lê Minh Hiếu Lương Thị Sao Mai 2019DHCNTT01 - ĐH K14 ThS. Vũ Thị Tuyết Mai 18 Nghiên cứu các kỹ thuật học máy và ứng dụng xây dựng dây truyền phân loại hoa quả tự động Lê Quảng Nam (CN) Nguyễn Thành Dương Vũ Đức Cường 2019DHKTPM04 - ĐH K14 ThS. Mai Thanh Hồng 19 Nghiên cứu thuật toán phân lớp\n', 'content: và quốc tế Điều thuận lợi nhất đối với Minh là luôn được các giảng viên hướng dẫn tìm và cung cấp tài liệu tham khảo phong phú, hỗ trợ đắc lực cho quá trình nghiên cứu và học tập. Khoa Điện, Đại học Công nghiệp Hà Nội đã tạo dựng được một môi trường học thuật kết nối với các nhóm nghiên cứu mạnh, từng bước hình thành các nhóm nghiên cứu trẻ có tiềm năng. Từ đó, thu hút các nhà khoa học, các bạn sinh viên trong nước hợp tác, giao lưu với cộng đồng khoa học quốc tế; chính điều này giúp Minh tiếp cận những hướng nghiên cứu mới, hiện đại trên thế giới. Ngọn lửa đam mê với nghiên cứu khoa học và công bố quốc tế đã được thắp lên bởi những người thầy và Minh, cũng như các bạn sinh viên sẽ tiếp tục hành trình truyền lửa cho các thế hệ tương lai trên hành trình chinh phục, khám phá đỉnh cao trí tuệ. Đinh Xuân Minh (ngoài cùng bên phải) đạt Giải Ba Olympic vật lý sinh viên toàn quốc năm 2022 Khát vọng tạo ra giá trị cho cộng đồng Đinh Xuân Minh luôn tâm niệm: Nghiên cứu khoa học phải gắn liền với thực tiễn, hướng đến giải quyết các bài toán thực tế của cuộc sống, tạo ra giá trị cho cộng đồng. Chính vì vậy, các hướng nghiên cứu của Minh tập trung vào việc phát triển công nghệ điều khiển và định vị cho robot cùng thiết bị bay không người lái, ứng dụng trong lĩnh vực An ninh - Quốc phòng. Đây cũng chính là công việc hiện tại của Minh tại công ty HTSC, thuộc tập đoàn HTI. Đến thời điểm hiện tại, tài khoản Google Scholar của Đinh Xuân Minh đã có 19 trích dẫn, H-index = 3, i10-index = 1 Với những nghiên cứu, công trình kiến tạo giúp ích cho cộng đồng, Đinh Xuân Minh xuất sắc giành giải thưởng Kova lần thứ 21 năm 2023 Cùng với thành công của sinh viên Đinh Xuân Minh, nhiều thầy cô và các bạn sinh viên khác của HaUI cũng đã và đang tiếp tục với những nghiên cứu, phát huy tiềm lực, thế mạnh của một trường đại học khoa học ứng dụng hàng đầu Việt Nam, thực hiện khát vọng quốc tế hóa giáo dục, đổi mới sáng tạo vì sự phát triển bền vững và hội nhập toàn cầu. MỘT SỐ THÀNH TÍCH TIÊU BIỂU\nnext_contents:\n- lộ năng khiếu và đam mê với những môn khoa học công nghệ, đặc biệt là các môn học liên quan đến STEM. Niềm hân hoan và sự thích thú khi được khám phá thế giới khoa học kỹ thuật và công nghệ rộng lớn đã thôi thúc Minh quyết tâm trở thành một kỹ sư, được sống với khoa học và những sản phẩm công nghệ. Cơ duyên nối tiếp cơ duyên, sợi dây liên kết “khoa học” đã cho Minh được kết nối, gặp gỡ với những nhà giáo đam mê khoa học của Đại học Công nghiệp Hà Nội. Chính tinh thần nghiên cứu khoa học, tấm lòng và trí tuệ của những người thầy ở mái trường này đã tiếp thêm cho Minh niềm tin, động lực trên hành trình khám phá và chinh phục đam mê của bản thân. Là thế hệ tiếp nối ngọn lửa đam mê nghiên cứu khoa học từ các bậc tiền bối, với Đinh Xuân Minh, Khoa Điện, Đại học Công nghiệp Hà Nội là một gia đình lớn. Nơi kiến thức, tinh thần trách nhiệm, sự tâm huyết và tình yêu thương được truyền thụ và lan tỏa từ thế hệ này sang thế hệ khác. Để cho đến bây giờ sau bốn năm gắn bó, Minh thấy mình thật may mắn, tự hào khi lựa chọn đúng môi trường để học tập và nghiên cứu. Kiến tạo môi trường cho sinh viên nghiên cứu khoa học Nhờ vào môi trường học tập tích cực, cơ sở vật chất tiên tiến, hiện đại, được tham gia vào các câu lạc bộ học thuật, hội thảo chuyên đề, các cuộc thi sáng tạo, các đề án, dự án khoa học công nghệ,…, Minh đã có cơ hội phát triển toàn diện cả về kiến thức lẫn kỹ năng, chuẩn bị hành trang vững chắc cho tương lai. Minh tích cực tham gia các cuộc thi, hội thảo trong nước và quốc tế Điều thuận lợi nhất đối với Minh là luôn được các giảng viên hướng dẫn tìm và cung cấp tài liệu tham khảo phong phú, hỗ trợ đắc lực cho quá trình nghiên cứu và học tập. Khoa Điện, Đại học Công nghiệp Hà Nội đã tạo dựng được một môi trường học thuật kết nối với các nhóm nghiên cứu mạnh, từng bước hình thành các nhóm nghiên cứu trẻ có tiềm năng. Từ đó, thu hút các nhà khoa học, các bạn sinh viên trong nước hợp tác, giao lưu với cộng đồng khoa học quốc tế; chính điều này giúp Minh tiếp\n', 'content: Tổng hợp đề tài sinh viên nghiên cứu khoa học năm 2022 STT Tên đề tài Chủ nhiệm Lớp Giảng viên hướng dẫn 1 Phát triển phần mềm tóm tắt nhanh văn bản đa ngôn ngữ theo tiếp cận mạng phức hợp. Ngô Công Đức (CN) 2017DHKTPM02 - ĐH K12 TS. Trần Tiến Dũng 2 Xây dựng ứng dụng hỗ trợ an toàn trong lái xe bằng công nghệ AI Lê Anh Tuấn (CN) 2018DHCNTT03 - ĐH K13 ThS. Trần Thanh Hùng 3 Nghiên cứu, xây dựng ứng dụng thực tế ảo hỗ trợ giáo dục Quốc phòng – An ninh Nguyễn Văn Hưng (CN) Quách Công Hiếu Nguyễn Anh Đức Đỗ Thị Thu Hương 2019DHKTPM03 - ĐH K14 ThS. Vũ Đức Huy 4 Nghiên cứu phát triển ứng dụng phân tích hành vi người dùng sử dụng nền tảng học máy ML.NET Nguyễn Thị Thủy (CN) Lê Mạnh Cường 2019DHHTTT02 - ĐH K14 TS. Phạm Văn Hà 5 Nghiên cứu phát triển một số bài thí nghiệm vật lý ảo trên môi trường web sử dụng HTML5 và ngôn ngữ Script Lù Thị Thu Hằng (CN) Phạm Thị Việt Anh Đỗ Thị Băng Nhi 2019DHCNTT03 - ĐH K14 TS. Phạm Văn Hà 6 Nghiên cứu các kỹ thuật của trí tuệ nhân tạo và các mô hình học máy Deep Learning, Support Vector Machine, Transfer Learning ứng dụng xây dựng hệ thống hỗ trợ các dịch vụ dựa trên định danh tự động. Phạm Ngọc Huân (CN) Phí Trung Hiếu Nguyễn Lương Bằng 2019DHCNTT03 - ĐH K14 TS. Nguyễn Mạnh Cường 7 Nghiên cứu các kỹ thuật của Trí tuệ nhân tạo cùng các mô hình học máy Deep Learning, Support Vector Machine, Transfer Learning và ứng dụng cho bài toán hỗ trợ xử lý bệnh cây trồng trong nông nghiệp. Nguyễn Đức Huy (CN) Nguyễn Viết Dương Đào Văn Nguyên 2019DHCNTT01 - ĐH K14 TS. Nguyễn Mạnh Cường 8 Xây dựng website quản lý đề thi cho trường ĐH Công Nghiệp Hà Nội bằng framework Lavarel Nguyễn Xuân Giang (CN) Ngô Khương Duy Lê Mạnh Hùng Đào Văn Hoàng 2019DHHTTT01 - ĐH K14 ThS. Đoàn Văn Trung 9 Điểm danh trong lớp học bằng khuôn mặt ứng dụng kỹ thuật hoc sâu Lê Văn Hùng (CN) Nguyễn Đình Tùng Lâm Nguyễn Thị Thùy Linh Trần Minh Thắng Nguyễn Lương Nam Anh 2019DHKTPM03 - ĐH K14 TS. Trần Hùng Cường 10 Nghiên cứu xây dựng hệ thống hỗ trợ chuẩn đoán bệnh theo đông y Mai\nnext_contents:\n', 'content: cứu phát triển một số bài thí nghiệm vật lý ảo trên môi trường web sử dụng HTML5 và ngôn ngữ Script Phạm Thị Việt Anh 2019DHKTPM1 - ĐH K14 2019600941 TS. Phạm Văn Hà 5 Nghiên cứu phát triển một số bài thí nghiệm vật lý ảo trên môi trường web sử dụng HTML5 và ngôn ngữ Script Đỗ Thị Băng Nhi 2019DHKTPM1 - ĐH K14 2019601360 TS. Phạm Văn Hà 6 Nghiên cứu các kỹ thuật của trí tuệ nhân tạo và các mô hình học máy Deep Learning, Support Vector Machine, Transfer Learning ứng dụng xây dựng hệ thống hỗ trợ các dịch vụ Phạm Ngọc Huân (CN) 2019DHCNTT3 - ĐH K14 2019603220 TS. Nguyễn Mạnh Cường 6 Nghiên cứu các kỹ thuật của trí tuệ nhân tạo và các mô hình học máy Deep Learning, Support Vector Machine, Transfer Learning ứng dụng xây dựng hệ thống hỗ trợ các dịch vụ Phí Trung Hiếu 2019DHCNTT4 - ĐH K14 2019604623 TS. Nguyễn Mạnh Cường 6 Nghiên cứu các kỹ thuật của trí tuệ nhân tạo và các mô hình học máy Deep Learning, Support Vector Machine, Transfer Learning ứng dụng xây dựng hệ thống hỗ trợ các dịch vụ Nguyễn Lương Bằng 2017DHCNTT1 - ĐH K12 2017600784 TS. Nguyễn Mạnh Cường 7 Nghiên cứu các kỹ thuật của Trí tuệ nhân tạo cùng các mô hình học máy Deep Learning, Support Vector Machine, Transfer Learning và ứng dụng cho bài toán hỗ trợ xử lý bệnh Nguyễn Đức Huy (CN) 2019DHCNTT1 - ĐH K14 2019600205 TS. Nguyễn Mạnh Cường 7 Nghiên cứu các kỹ thuật của Trí tuệ nhân tạo cùng các mô hình học máy Deep Learning, Support Vector Machine, Transfer Learning và ứng dụng cho bài toán hỗ trợ xử lý bệnh Nguyễn Viết Dương 2019DHCNTT1 - ĐH K14 2019600693 TS. Nguyễn Mạnh Cường 7 Nghiên cứu các kỹ thuật của Trí tuệ nhân tạo cùng các mô hình học máy Deep Learning, Support Vector Machine, Transfer Learning và ứng dụng cho bài toán hỗ trợ xử lý bệnh Đào Văn Nguyên 2019DHCNTT1 - ĐH K14 2019600731 TS. Nguyễn Mạnh Cường 8 Xây dựng website quản lý đề thi cho trường ĐH Công Nghiệp Hà Nội bằng framework Lavarel Nguyễn Xuân Giang (CN) 2019DHHTTT1 - ĐH K14 2019600275 ThS. Đoàn Văn Trung 8 Xây dựng website quản lý đề\nnext_contents:\n- Tổng hợp đề tài sinh viên nghiên cứu khoa học năm 2021 NĂM 2021 STT Tên đề tài Thành viên thực hiện Lớp MSV Người hướng dẫn 1 Phát triển phần mềm tóm tắt nhanh văn bản đa ngôn ngữ theo tiếp cận mạng phức hợp. Ngô Công Đức (CN) 2017DHKTPM2 - ĐH K12 2017604466 TS. Trần Tiến Dũng 2 Xây dựng ứng dụng hỗ trợ an toàn trong lái xe bằng công nghệ AI Lê Anh Tuấn (CN) 2018DHCNTT3 - ĐH K13 2018603029 ThS. Trần Thanh Hùng 3 Nghiên cứu, xây dựng ứng dụng thực tế ảo hỗ trợ giáo dục Quốc phòng – An ninh Nguyễn Văn Hưng (CN) 2019DHKTPM3 - ĐH K14 2019604370 ThS. Vũ Đức Huy 3 Nghiên cứu, xây dựng ứng dụng thực tế ảo hỗ trợ giáo dục Quốc phòng – An ninh Quách Công Hiếu 2019DHKTPM3 - ĐH K14 2019604501 ThS. Vũ Đức Huy 3 Nghiên cứu, xây dựng ứng dụng thực tế ảo hỗ trợ giáo dục Quốc phòng – An ninh Nguyễn Anh Đức 2019DHKTPM1 - ĐH K14 2019601675 ThS. Vũ Đức Huy 3 Nghiên cứu, xây dựng ứng dụng thực tế ảo hỗ trợ giáo dục Quốc phòng – An ninh Đỗ Thị Thu Hương 2019DHKTPM1 - ĐH K14 2019600527 ThS. Vũ Đức Huy 4 Nghiên cứu phát triển ứng dụng phân tích hành vi người dùng sử dụng nền tảng học máy ML.NET Nguyễn Thị Thủy (CN) 2019DHHTTT2 - ĐH K14 2019605834 TS. Phạm Văn Hà 4 Nghiên cứu phát triển ứng dụng phân tích hành vi người dùng sử dụng nền tảng học máy ML.NET Lê Mạnh Cường 2019DHHTTT2 - ĐH K14 2019605530 TS. Phạm Văn Hà 5 Nghiên cứu phát triển một số bài thí nghiệm vật lý ảo trên môi trường web sử dụng HTML5 và ngôn ngữ Script Lù Thị Thu Hằng (CN) 2019DHKTPM1 - ĐH K14 2019600148 TS. Phạm Văn Hà 5 Nghiên cứu phát triển một số bài thí nghiệm vật lý ảo trên môi trường web sử dụng HTML5 và ngôn ngữ Script Phạm Thị Việt Anh 2019DHKTPM1 - ĐH K14 2019600941 TS. Phạm Văn Hà 5 Nghiên cứu phát triển một số bài thí nghiệm vật lý ảo trên môi trường web sử dụng HTML5 và ngôn ngữ Script Đỗ Thị Băng Nhi 2019DHKTPM1 - ĐH K14 2019601360 TS. Phạm Văn Hà 6 Nghiên cứu các kỹ thuật của trí tuệ nhân tạo và các mô hình học máy Deep Learning, Support Vector Machine, Transfer Learning ứng dụng xây dựng hệ thống hỗ trợ\n']","['Nghiên cứu các kỹ thuật của trí tuệ nhân tạo và các mô hình học máy Deep Learning, Support Vector Machine, Transfer Learning ứng dụng xây dựng hệ thống hỗ trợ các dịch vụ Phạm Ngọc Huân (CN) 2019DHCNTT3 - ĐH K14 2019603220 TS. Nguyễn Mạnh Cường 6 Nghiên cứu các kỹ thuật của trí tuệ nhân tạo và các mô hình học máy Deep Learning, Support Vector Machine, Transfer Learning ứng dụng xây dựng hệ thống hỗ trợ các dịch vụ Phí Trung Hiếu 2019DHCNTT4 - ĐH K14 2019604623 TS. Nguyễn Mạnh Cường 6 Nghiên cứu các kỹ thuật của trí tuệ nhân tạo và các mô hình học máy Deep Learning, Support Vector Machine, Transfer Learning ứng dụng xây dựng hệ thống hỗ trợ các dịch vụ Nguyễn Lương Bằng 2017DHCNTT1 - ĐH K12 2017600784 TS. Nguyễn Mạnh Cường 7 Nghiên cứu các kỹ thuật của Trí tuệ nhân tạo cùng các mô hình học máy Deep Learning, Support Vector Machine, Transfer Learning và ứng dụng cho bài toán hỗ trợ xử lý bệnh Nguyễn Đức Huy (CN) 2019DHCNTT1 - ĐH K14 2019600205 TS. Nguyễn Mạnh Cường 7 Nghiên cứu các kỹ thuật của Trí tuệ nhân tạo cùng các mô hình học máy Deep Learning, Support Vector Machine, Transfer Learning và ứng dụng cho bài toán hỗ trợ xử lý bệnh Nguyễn Viết Dương 2019DHCNTT1 - ĐH K14 2019600693 TS. Nguyễn Mạnh Cường 7 Nghiên cứu các kỹ thuật của Trí tuệ nhân tạo cùng các mô hình học máy Deep Learning, Support Vector Machine, Transfer Learning và ứng dụng cho bài toán hỗ trợ xử lý bệnh Đào Văn Nguyên 2019DHCNTT1 - ĐH K14 2019600731 TS. Nguyễn Mạnh Cường 8 Xây dựng website quản lý đề thi cho trường ĐH Công Nghiệp Hà Nội bằng framework Lavarel Nguyễn Xuân Giang (CN) 2019DHHTTT1 - ĐH K14 2019600275 ThS. Đoàn Văn Trung 8 Xây dựng website quản lý đề thi cho trường ĐH Công Nghiệp Hà Nội bằng framework Lavarel Ngô Khương Duy 2019DHKTPM1 - ĐH K14 2019600278 ThS. Đoàn Văn Trung 8 Xây dựng website quản lý đề thi cho trường ĐH Công Nghiệp Hà Nội bằng framework Lavarel Lê Mạnh Hùng 2019DHKTPM1 - ĐH K14 2019600898 ThS. Đoàn Văn Trung 8 Xây dựng website quản lý đề thi cho trường ĐH Công Nghiệp Hà Nội bằng framework Lavarel Đào Văn Hoàng 2020DHKTPM1 - ĐH K15 2020602282 ThS. Đoàn Văn Trung 9 Điểm danh trong lớp học bằng khuôn mặt ứng dụng kỹ thuật hoc sâu Lê Văn Hùng (CN) 2019DHKTPM3 - ĐH K14 2019600006 TS. Trần Hùng Cường 9 Điểm danh trong lớp học bằng khuôn mặt ứng dụng kỹ thuật hoc sâu Nguyễn Đình Tùng Lâm 2019DHKTPM3 - ĐH K14 2019604335 TS. Trần Hùng Cường 9 Điểm danh trong lớp học bằng khuôn mặt ứng dụng kỹ thuật hoc sâu Nguyễn Thị Thùy Linh 2019DHCNTT2 - ĐH K14 2019602307 TS. Trần Hùng Cường 9 Điểm danh trong lớp học bằng khuôn mặt ứng dụng kỹ thuật hoc sâu Trần Minh Thắng 2020DHKHMT2 - ĐH K15 2020604176 TS. Trần Hùng Cường 9 Điểm danh trong lớp học bằng khuôn mặt ứng dụng kỹ thuật hoc sâu Nguyễn Lương Nam Anh 2020DHKHMT2 - ĐH K15 2020605072 TS. Trần Hùng Cường 10 Nghiên cứu xây dựng hệ thống hỗ trợ chuẩn đoán bệnh theo đông y Mai Đăng Khoa (CN) 2019DHHTTT2 - ĐH K14 2019606886 ThS. Ngô Thị Bích Thúy 10 Nghiên cứu xây dựng hệ thống hỗ trợ chuẩn đoán bệnh theo đông y Phạm Hoàng Long 2019DHHTTT2 - ĐH K14 2019605663 ThS. Ngô Thị Bích Thúy 10 Nghiên cứu xây dựng hệ thống hỗ trợ chuẩn đoán bệnh theo đông y Quyền Ngọc Minh 2019DHHTTT2 - ĐH K14 2019606061 ThS. Ngô Thị Bích Thúy 11 Xây dựng website quản lý kho hàng cho doanh nghiệp vận tải bằng framework Lavarel Nguyễn Quốc Khánh (CN) 2020DHKTPM4 - ĐH K15 2020607299 ThS. Lê Anh Thắng 11 Xây dựng website quản lý kho hàng cho doanh nghiệp vận tải bằng framework Lavarel Nguyễn Quốc Minh 2020DHKTPM4 - ĐH K15 2020606706 ThS. Lê Anh Thắng 11 Xây dựng website quản lý kho hàng cho doanh nghiệp vận tải bằng framework Lavarel Ngô Quang Nhật Minh 2020DHKTPM4 - ĐH K15 2020607600 ThS. Lê Anh Thắng 11 Xây dựng website quản lý kho hàng cho doanh nghiệp vận tải bằng framework Lavarel Hồ Quang Anh 2020DHKTPM4 - ĐH K15 2020606090 ThS. Lê Anh Thắng 11 Xây dựng website quản lý kho hàng cho doanh nghiệp vận tải bằng framework Lavarel Trần Khánh Toàn 2020DHCNTT4 - ĐH K15 2020604672 ThS. Lê Anh Thắng 12 Tìm hiểu và áp dụng công nghệ Ajax để tăng tốc độ truy cập website. Hoàng Văn Mạnh (CN) 2019DHKTPM4 - ĐH K14 2019607142 ThS. Đăng Quỳnh Nga 12 Tìm hiểu và áp dụng công nghệ Ajax để tăng tốc độ truy cập website. Quách Văn Long 2019DHKTPM4 - ĐH K14 2019605768 ThS. Đăng Quỳnh Nga 12 Tìm hiểu và áp dụng công nghệ Ajax để tăng tốc độ truy cập website. Trần Đình Huân 2019DHKTPM4 - ĐH K14 2019605953 ThS. Đăng Quỳnh Nga 12 Tìm hiểu và áp dụng công nghệ Ajax để tăng tốc độ truy cập website. Cao Văn Nhật 2019DHKTPM4 - ĐH K14 2019606407 ThS. Đăng Quỳnh Nga 13 Nghiên cứu về kỹ thuật Web API và tích hợp Web API vào Website bán hàng. Ngô Canh Thìn (CN) 2018DHKTPM2 - ĐH K13 2018603396 ThS. Đỗ Ngọc Sơn 14 Nghiên cứu, phát hiện và đánh giá quảng cáo độc hại trên website Nguyễn Ngọc Hoài (CN) 2019DHCNTT2 - ĐH K14 2019602164 ThS. Phạm Thị Kim Phượng 14 Nghiên cứu, phát hiện và đánh giá quảng cáo độc hại trên website Lê Thị Hiền 2019DHCNTT2 - ĐH K14 2019602522 ThS. Phạm Thị Kim Phượng 14 Nghiên cứu, phát hiện và đánh giá quảng cáo độc hại trên website Trần Thị Duyên 2019DHCNTT2 - ĐH K14 2019601922 ThS. Phạm Thị Kim Phượng 14 Nghiên cứu, phát hiện']","Tôi không có thông tin này và khuyến nghị bạn tham khảo nguồn khác. Nếu bạn có câu hỏi nào khác liên quan đến khoa công nghệ thông tin tại trường đại học công nghiệp hà nội, vui lòng cho tôi biết!","Nguyễn Đức Huy đã nghiên cứu các kỹ thuật của trí tuệ nhân tạo cùng các mô hình học máy như Deep Learning, Support Vector Machine, Transfer Learning và ứng dụng cho bài toán hỗ trợ xử lý bệnh.",0.4166666666458333,1.0,0.0,0.0,1.5212960243225098,1.2296371459960938
ThS. Nguyễn Thanh Hải đã tham gia vào những dự án nào trong lĩnh vực xây dựng ứng dụng web?,"['content: TS. Hà Mạnh Đào 39 Phát triển ứng dụng Web hỗ trợ cộng đồng sinh viên Đỗ Thành Đạt 2020DHKTPM2 - ĐH K15 2020603842 TS. Hà Mạnh Đào 40 Nghiên cứu công nghệ làm phim 3D và ứng dụng trong quảng cáo mạng xã hội Đinh Anh Minh (CN) 2020DHHTTT2 - ĐH K15 2020607249 ThS. Nguyễn Thị Nhung 40 Nghiên cứu công nghệ làm phim 3D và ứng dụng trong quảng cáo mạng xã hội Phùng Thu Linh 2020DHHTTT2 - ĐH K15 2020605635 ThS. Nguyễn Thị Nhung 40 Nghiên cứu công nghệ làm phim 3D và ứng dụng trong quảng cáo mạng xã hội Nguyễn Thị Thủy 2020DHHTTT2 - ĐH K15 2020606056 ThS. Nguyễn Thị Nhung 40 Nghiên cứu công nghệ làm phim 3D và ứng dụng trong quảng cáo mạng xã hội Trần Minh Phương 2020DHHTTT2 - ĐH K15 2020604508 ThS. Nguyễn Thị Nhung 40 Nghiên cứu công nghệ làm phim 3D và ứng dụng trong quảng cáo mạng xã hội Nguyễn Anh Tuấn 2020DHHTTT2 - ĐH K15 2020603500 ThS. Nguyễn Thị Nhung 41 Xây dựng ứng dụng web phục vụ học và thi trực tuyến các môn lập trình Nguyễn Quốc Duy (CN) 2019DHCNTT4 - ĐH K14 2019603906 ThS. Phạm Thế Anh 41 Xây dựng ứng dụng web phục vụ học và thi trực tuyến các môn lập trình Phan Quốc Khánh 2019DHCNTT4 - ĐH K14 2019604796 ThS. Phạm Thế Anh 41 Xây dựng ứng dụng web phục vụ học và thi trực tuyến các môn lập trình Hà Quốc Phong 2019DHCNTT4 - ĐH K14 2019604846 ThS. Phạm Thế Anh 41 Xây dựng ứng dụng web phục vụ học và thi trực tuyến các môn lập trình Trần Xuân Quyền 2019DHCNTT4 - ĐH K14 2019604313 ThS. Phạm Thế Anh 41 Xây dựng ứng dụng web phục vụ học và thi trực tuyến các môn lập trình Lê Văn Tâm 2019DHCNTT4 - ĐH K14 2019604540 ThS. Phạm Thế Anh 42 Xây dựng ứng dụng web sử dụng luật kết hợp để trợ giúp mua hàng Nguyễn Tiến Dũng (CN) 2020DHKTPM1 - ĐH K15 2020600278 ThS. Nguyễn Thanh Hải 42 Xây dựng ứng dụng web sử dụng luật kết hợp để trợ giúp mua hàng Phạm Hoàng Tiến 2020DHKTPM1 - ĐH K15 2020600235 ThS. Nguyễn Thanh Hải 42 Xây dựng ứng dụng web sử dụng luật kết hợp để trợ giúp mua hàng Cao Văn Sơn 2020DHKTPM1 - ĐH K15 2020600313 ThS. Nguyễn Thanh Hải 42 Xây dựng ứng dụng web sử\nnext_contents:\n- động. Nguyễn Thanh Tùng 2019DHKHM1 - ĐH K14 2019601681 ThS. Trịnh Bá Quý 36 Tìm hiểu về phương pháp lấy tin tự động, ứng dụng xây dựng module thu thập tin tức và đăng tin đoàn hội tự động. Dương Thị Lan Phương 2019DHHTTT2 - ĐH K14 2019605132 ThS. Trịnh Bá Quý 37 Nghiên cứu mạng neural và ứng dụng trong nhận dạng chữ số in Nguyễn Văn Thành (CN) 2020DHCNTT3 - ĐH K15 2020604283 ThS. Chu Thị Quyên 37 Nghiên cứu mạng neural và ứng dụng trong nhận dạng chữ số in Nguyễn Công Thành 2020DHCNTT3 - ĐH K15 2020603178 ThS. Chu Thị Quyên 37 Nghiên cứu mạng neural và ứng dụng trong nhận dạng chữ số in Nguyễn Thị Thương 2020DHCNTT3 - ĐH K15 2020603814 ThS. Chu Thị Quyên 38 Nghiên cứu công nghệ Blockchain và xây dựng sàn đấu giá Đặng Đức Mạnh (CN) 2020DHKTPM3 - ĐH K15 2020604935 TS. Đặng Trọng Hợp 38 Nghiên cứu công nghệ Blockchain và xây dựng sàn đấu giá Nguyễn Viết Trí 2018DHCNTT5 - ĐH K13 2018604596 TS. Đặng Trọng Hợp 38 Nghiên cứu công nghệ Blockchain và xây dựng sàn đấu giá Bùi Việt Dũng 2020DHCNTT1 - ĐH K15 2020607151 TS. Đặng Trọng Hợp 38 Nghiên cứu công nghệ Blockchain và xây dựng sàn đấu giá Hà Văn Hiển 2018DHCNTT6 - ĐH K13 2018604963 TS. Đặng Trọng Hợp 39 Phát triển ứng dụng Web hỗ trợ cộng đồng sinh viên Nguyễn Đức Đăng (CN) 2020DHKTPM2 - ĐH K15 2020603392 TS. Hà Mạnh Đào 39 Phát triển ứng dụng Web hỗ trợ cộng đồng sinh viên Nguyễn Viết An 2020DHKTPM2 - ĐH K15 2020603745 TS. Hà Mạnh Đào 39 Phát triển ứng dụng Web hỗ trợ cộng đồng sinh viên Hoàng Hữu Đạt 2020DHKTPM2 - ĐH K15 2020603866 TS. Hà Mạnh Đào 39 Phát triển ứng dụng Web hỗ trợ cộng đồng sinh viên Đỗ Thành Đạt 2020DHKTPM2 - ĐH K15 2020603842 TS. Hà Mạnh Đào 40 Nghiên cứu công nghệ làm phim 3D và ứng dụng trong quảng cáo mạng xã hội Đinh Anh Minh (CN) 2020DHHTTT2 - ĐH K15 2020607249 ThS. Nguyễn Thị Nhung 40 Nghiên cứu công nghệ làm phim 3D và ứng dụng trong quảng cáo mạng xã hội Phùng Thu Linh 2020DHHTTT2 - ĐH K15 2020605635 ThS. Nguyễn Thị Nhung 40 Nghiên cứu công nghệ làm phim 3D và ứng dụng trong quảng cáo mạng\n', 'content: quảng cáo mạng xã hội Đinh Anh Minh (CN) Phùng Thu Linh Nguyễn Thị Thủy Trần Minh Phương Nguyễn Anh Tuấn 2020DHHTTT02 - ĐH K15 ThS. Nguyễn Thị Nhung 41 Xây dựng ứng dụng web phục vụ học và thi trực tuyến các môn lập trình Nguyễn Quốc Duy (CN) Phan Quốc Khánh Hà Quốc Phong Trần Xuân Quyền Lê Văn Tâm 2019DHCNTT04 - ĐH K14 ThS. Phạm Thế Anh 42 Xây dựng ứng dụng web sử dụng luật kết hợp để trợ giúp mua hàng Nguyễn Tiến Dũng (CN) Phạm Hoàng Tiến Cao Văn Sơn Đào Văn Hiếu 2020DHKTPM01 - ĐH K15 ThS. Nguyễn Thanh Hải 43 Xây dựng ứng dụng phục vụ dạy học gia sư trên nền tảng di động. Nguyễn Mạnh Cường (CN) Lê Danh Đại Dương 2020DHKTPM02 - ĐH K15 ThS. Nguyễn Trung Phú 44 So sánh và đánh giá các chỉ tiêu kỹ thuật của các nền tảng Framework Java và PHP trong phát triển Web Trần Hoàng Minh Quang (CN) Phạm Khang Duy Nghiêm Đăng Duy Thắng 2020DHCNTT01 - ĐH K15 ThS. Hoàng Quang Huy 45 Nghiên cứu giải pháp phần mềm mô hình hóa không gian nội thất trên nền web. Nguyễn Văn Thắng (CN) Đỗ Xuân Chiến Nguyễn Văn Việt 2020DHCNTT01 - ĐH K15 ThS. Hoàng Quang Huy 46 Nghiên cứu mô hình O2O và xây dựng ứng dụng kết nối bán hàng. Phạm Hồng Thái (CN) Phạm Tiến Đạt 2019DHKHMT01 - ĐH K14 ThS. Nguyễn Thị Hương Lan 47 Xây dựng ứng dụng web hỗ trợ học tập, tra cứu tài liệu, và lập trình. Trần Viết Cường (CN) Nguyễn Khắc Hiếu 2020DHKHMT01 - ĐH K15 ThS. Trần Phương Nhung 48 Ứng dụng chuẩn mật mã dữ liệu (DES) vào hỗ trợ thi tuyển sinh đại học. Phạm Việt Anh (CN) Lý Trần Hồng Minh 2020DHKHMT02 - ĐH K15 ThS. Trần Phương Nhung 49 Nghiên cứu cách mô phỏng và cài đặt khuôn mẫu cho cấu trúc dữ liệu danh sách kế tiếp và ứng dụng trong bài toán quản lý thí sinh bằng ngôn ngữ lập trình C++. Lê Thị Thu Trà (CN) Cao Việt Tùng Đào Đức Cháng 2020DHCNTT02 - ĐH K15 ThS. An Văn Minh 50 Nghiên cứu cách mô phỏng và cài đặt khuôn mẫu cho cấu trúc dữ liệu danh sách móc nối và ứng dụng trong bài toán quản lý thư viện bằng ngôn ngữ lập trình C++. Vũ Văn Huyên (CN) Đoàn Văn Quân 2020DHCNTT02 - ĐH K15 ThS. An Văn Minh 51\nnext_contents:\n- Cẩm Ngoan 33 Tìm hiểu về thuật toán ghép đôi và xây dựng hệ thống ghép cặp học nhóm cho sinh viên trên nền tảng Node.JS và framework React.JS. Đặng Đức Bảo Dũng (CN) Lý Thị Dung Nguyễn Văn Thọ Nguyễn Duy Trường Nguyễn Đức Long Đặng Đức Bảo Dũng ThS. Trịnh Bá Quý 34 Phát triển ứng dụng Food Delivery App dùng để đặt và giao đồ ăn dành cho các cửa hàng có sử dụng dịch vụ trực tuyến Vũ Văn Khánh (CN) Dương Văn Hùng Hoàng Công Trung Lại Hoàng Tùng 2019DHKTPM04 - ĐH K14 ThS. Nguyễn Thái Cường 35 Phát triển phần mềm quản lý cửa hàng cafe dựa trên nền tảng công nghệ di động và cơ sở dữ liệu thời gian thực. Hoàng Chí Bằng (CN) Văn Minh Dương Nguyễn Xuân Vũ Phạm Hoàng Đức Tài Đoàn Duy Thành 2020DHKHMT02 - ĐH K15 ThS. Nguyễn Thái Cường 36 Tìm hiểu về phương pháp lấy tin tự động, ứng dụng xây dựng module thu thập tin tức và đăng tin đoàn hội tự động. Lê Thị Thanh Hoa (CN) Nguyễn Văn Nam Nguyễn Thanh Tùng Dương Thị Lan Phương 2019DHKTPM04 - ĐH K14 ThS. Trịnh Bá Quý 37 Nghiên cứu mạng neural và ứng dụng trong nhận dạng chữ số in Nguyễn Văn Thành (CN) Nguyễn Công Thành Nguyễn Thị Thương 2020DHCNTT03 - ĐH K15 ThS. Chu Thị Quyên 38 Nghiên cứu công nghệ Blockchain và xây dựng sàn đấu giá Đặng Đức Mạnh (CN) Nguyễn Viết Trí Bùi Việt Dũng Hà Văn Hiển 2020DHKTPM03 - ĐH K15 TS. Đặng Trọng Hợp 39 Phát triển ứng dụng Web hỗ trợ cộng đồng sinh viên Nguyễn Đức Đăng (CN) Nguyễn Viết An Hoàng Hữu Đạt Đỗ Thành Đạt 2020DHKTPM02 - ĐH K15 TS. Hà Mạnh Đào 40 Nghiên cứu công nghệ làm phim 3D và ứng dụng trong quảng cáo mạng xã hội Đinh Anh Minh (CN) Phùng Thu Linh Nguyễn Thị Thủy Trần Minh Phương Nguyễn Anh Tuấn 2020DHHTTT02 - ĐH K15 ThS. Nguyễn Thị Nhung 41 Xây dựng ứng dụng web phục vụ học và thi trực tuyến các môn lập trình Nguyễn Quốc Duy (CN) Phan Quốc Khánh Hà Quốc Phong Trần Xuân Quyền Lê Văn Tâm 2019DHCNTT04 - ĐH K14 ThS. Phạm Thế Anh 42 Xây dựng ứng dụng web sử dụng luật kết hợp để trợ giúp mua hàng Nguyễn Tiến Dũng (CN) Phạm Hoàng Tiến Cao Văn Sơn Đào Văn Hiếu 2020DHKTPM01 - ĐH K15 ThS.\n', 'content: Thị Thanh Huyền 25 Xây dựng ứng dụng di động quản lý hoạt động của các thiết bị điện từ xa Trương Thị Thu Phương (CN) Nguyễn Vũ Chí Tình Hà Thị Phượng Hà Văn Phòng 2019DHCNTT05 - ĐH K14 ThS. Nguyễn Trung Phú 26 Xây dựng website hỗ trợ học lập trình Web Vũ Đình Quân (CN) Nguyễn Anh Tú Trần Huy Thắng Trần Văn Hoàng Đinh Khắc Tuấn 2020DHKTPM04 - ĐH K15 ThS. Đỗ Sinh Trường 27 Nghiên cứu mạng Resnet và ứng dụng cho bài toán phân loại ảnh. Nguyễn Hồng Phong (CN) Đặng Đình Phức Vi Văn Oanh Hạ Ngọc Nam Vũ Thị Bình Yên 2019DHCNTT05 - ĐH K14 TS. Trần Hùng Cường 28 Nghiên cứu xây dựng hệ thống đăng nhập tự động bằng nhận diện khuôn mặt Nguyễn Lương Hùng (CN) Nguyễn Đình Huân Bùi Việt Hoàng Trần Khắc Bình Dương 2019DHKTPM01 - ĐH K14 ThS. Nguyễn Lan Anh 29 Nghiên cứu và xây dựng hệ thống phát hiện đám đông hỗ trợ cảnh báo nguy cơ lây nhiễm virus Corona Nguyễn Minh Trường (CN) Cù Việt Hưng Đường Ngọc Khanh Quách Phương Thảo 2019DHCNTT03 - ĐH K14 ThS. Nguyễn Lan Anh 30 Nghiên cứu xây dựng hệ thống cảnh báo hành vi nguy hiểm Nguyễn Nhật Minh (CN) Đỗ Viết Thịnh Phạm Văn Tiến Vũ Trọng Tuấn Trần Quang Vinh 2019DHKTPM01 - ĐH K14 ThS. Chu Thị Quyên 31 Nghiên cứu và xây dựng hệ thống cảnh báo người lạ đột nhập trong nhà Phạm Thị Thanh (CN) Đinh Công Nhật 2019DHKHMT01 - ĐH K14 ThS. Ngô Thị Thanh Hòa 32 Nghiên cứu một số thuật toán xử lý ảnh và ứng dụng vào bài toán nhận dạng chữ số Bùi Hải Linh (CN) Đinh Văn Duy Nguyễn Trung Nghĩa Lê Đức Tiệp Phan Mạnh Tuân 2020DHKHMT02 - ĐH K15 ThS. Nguyễn Thị Cẩm Ngoan 33 Tìm hiểu về thuật toán ghép đôi và xây dựng hệ thống ghép cặp học nhóm cho sinh viên trên nền tảng Node.JS và framework React.JS. Đặng Đức Bảo Dũng (CN) Lý Thị Dung Nguyễn Văn Thọ Nguyễn Duy Trường Nguyễn Đức Long Đặng Đức Bảo Dũng ThS. Trịnh Bá Quý 34 Phát triển ứng dụng Food Delivery App dùng để đặt và giao đồ ăn dành cho các cửa hàng có sử dụng dịch vụ trực tuyến Vũ Văn Khánh (CN) Dương Văn Hùng Hoàng Công Trung Lại Hoàng Tùng 2019DHKTPM04 - ĐH K14 ThS. Nguyễn Thái Cường 35 Phát\nnext_contents:\n- số điện nước tự động ứng dụng kỹ thuật học sâu Nguyễn Văn Thùy (CN) 2019DHKTPM04 - ĐH K14 ThS. Lê Thị Thủy 17 Nghiên cứu các kỹ thuật học máy và ứng dụng vào bài toán phát hiện sản phẩm lỗi Cao Bá Lộc (CN) Lê Minh Hiếu Lương Thị Sao Mai 2019DHCNTT01 - ĐH K14 ThS. Vũ Thị Tuyết Mai 18 Nghiên cứu các kỹ thuật học máy và ứng dụng xây dựng dây truyền phân loại hoa quả tự động Lê Quảng Nam (CN) Nguyễn Thành Dương Vũ Đức Cường 2019DHKTPM04 - ĐH K14 ThS. Mai Thanh Hồng 19 Nghiên cứu thuật toán phân lớp K-láng giềng gần nhất và ứng dụng thuật toán để phân loại văn bản Nguyễn Thị Huyền (CN) Trần Hà Bắc Nguyễn Việt Trung 2019DHCNTT02 - ĐH K14 ThS. Mai Thanh Hồng 20 Nghiên cứu Web 3D và ứng dụng hỗ trợ phát triển kỹ năng đọc sách cho trẻ em. Đinh Thị Trang (CN) Hà Ngọc Ánh Nguyễn Văn Cường Trần Thị Thu 2018DHCNTT04 - ĐH K13 ThS. Vũ Minh Yến 21 Nghiên cứu xử lý multiplayer trong ứng dụng 3D. Đào Văn Nguyên (CN) Phạm Thế Phúc 2019DHCNTT01 - ĐH K14 ThS. Vũ Minh Yến 22 Nghiên cứu MongoDB và ứng dụng trong cân bằng tải Mai Thị Hường (CN) Nguyễn Khắc Huy Tạ Văn Hiếu Trần Huy Cảnh 2019DHKTPM04 - ĐH K14 ThS. Nguyễn Thị Hương Lan 23 Xây dựng website Quản lý kết quả học tập và trao đổi thông tin giữa giáo viên và phụ huynh học sinh trong học online Phạm Văn Biển (CN) Tạ Việt Khang Nguyễn Thi Mời 2019DHCNTT06 - ĐH K14 ThS. Vũ Thị Tuyết Mai 24 Xây dựng ứng dụng trải nghiệm của một thanh niên tình nguyện FIT-HAUI Nguyễn Hoàng Minh (CN) Nguyễn Thị Huyền Trần Đức Long 2018DHHTTT02 - ĐH K13 ThS. Nguyễn Thị Thanh Huyền 25 Xây dựng ứng dụng di động quản lý hoạt động của các thiết bị điện từ xa Trương Thị Thu Phương (CN) Nguyễn Vũ Chí Tình Hà Thị Phượng Hà Văn Phòng 2019DHCNTT05 - ĐH K14 ThS. Nguyễn Trung Phú 26 Xây dựng website hỗ trợ học lập trình Web Vũ Đình Quân (CN) Nguyễn Anh Tú Trần Huy Thắng Trần Văn Hoàng Đinh Khắc Tuấn 2020DHKTPM04 - ĐH K15 ThS. Đỗ Sinh Trường 27 Nghiên cứu mạng Resnet và ứng dụng cho bài toán phân loại ảnh. Nguyễn Hồng Phong (CN) Đặng Đình Phức Vi Văn Oanh Hạ Ngọc Nam\n', 'content: Thị Hương Lan 23 Xây dựng website Quản lý kết quả học tập và trao đổi thông tin giữa giáo viên và phụ huynh học sinh trong học online Phạm Văn Biển (CN) 2019DHCNTT6 - ĐH K14 2019607190 ThS. Vũ Thị Tuyết Mai 23 Xây dựng website Quản lý kết quả học tập và trao đổi thông tin giữa giáo viên và phụ huynh học sinh trong học online Tạ Việt Khang 2019DHCNTT6 - ĐH K14 2019607077 ThS. Vũ Thị Tuyết Mai 23 Xây dựng website Quản lý kết quả học tập và trao đổi thông tin giữa giáo viên và phụ huynh học sinh trong học online Nguyễn Thi Mời 2019DHCNTT6 - ĐH K14 2019606729 ThS. Vũ Thị Tuyết Mai 24 Xây dựng ứng dụng trải nghiệm của một thanh niên tình nguyện FIT-HAUI Nguyễn Hoàng Minh (CN) 2018DHHTTT2 - ĐH K13 2018604714 ThS. Nguyễn Thị Thanh Huyền 24 Xây dựng ứng dụng trải nghiệm của một thanh niên tình nguyện FIT-HAUI Nguyễn Thị Huyền 2019DHCNTT2 - ĐH K14 2019602571 ThS. Nguyễn Thị Thanh Huyền 24 Xây dựng ứng dụng trải nghiệm của một thanh niên tình nguyện FIT-HAUI Trần Đức Long 2020DHHTTT1 - ĐH K15 2020600014 ThS. Nguyễn Thị Thanh Huyền 25 Xây dựng ứng dụng di động quản lý hoạt động của các thiết bị điện từ xa Trương Thị Thu Phương (CN) 2019DHCNTT5 - ĐH K14 2019605502 ThS. Nguyễn Trung Phú 25 Xây dựng ứng dụng di động quản lý hoạt động của các thiết bị điện từ xa Nguyễn Vũ Chí Tình 2019DHCNTT5 - ĐH K14 2019605521 ThS. Nguyễn Trung Phú 25 Xây dựng ứng dụng di động quản lý hoạt động của các thiết bị điện từ xa Hà Thị Phượng 2019DHCNTT5 - ĐH K14 2019605499 ThS. Nguyễn Trung Phú 2526 Xây dựng ứng dụng di động quản lý hoạt động của các thiết bị điện từ xa Hà Văn Phòng 2019DHCNTT6 - ĐH K14 2019606680 ThS. Nguyễn Trung Phú 26 Xây dựng website hỗ trợ học lập trình Web Vũ Đình Quân (CN) 2020DHKTPM4 - ĐH K15 2020606122 ThS. Đỗ Sinh Trường 26 Xây dựng website hỗ trợ học lập trình Web Nguyễn Anh Tú 2020DHKTPM1 - ĐH K15 2020600692 ThS. Đỗ Sinh Trường 26 Xây dựng website hỗ trợ học lập trình Web Trần Huy Thắng 2020DHKTPM4 - ĐH K15 2020607321 ThS. Đỗ Sinh Trường 26 Xây dựng website hỗ trợ học\nnext_contents:\n- 2019602145 ThS. Mai Thanh Hồng 19 Nghiên cứu thuật toán phân lớp K-láng giềng gần nhất và ứng dụng thuật toán để phân loại văn bản Nguyễn Việt Trung 2019DHCNTT3 - ĐH K14 2019603066 ThS. Mai Thanh Hồng 20 Nghiên cứu Web 3D và ứng dụng hỗ trợ phát triển kỹ năng đọc sách cho trẻ em. Đinh Thị Trang 2018DHCNTT4 - ĐH K13 2018603537 ThS. Vũ Minh Yến 20 Nghiên cứu Web 3D và ứng dụng hỗ trợ phát triển kỹ năng đọc sách cho trẻ em. Hà Ngọc Ánh 2018DHCNTT4 - ĐH K13 2018603418 ThS. Vũ Minh Yến 20 Nghiên cứu Web 3D và ứng dụng hỗ trợ phát triển kỹ năng đọc sách cho trẻ em. Nguyễn Văn Cường 2018DHCNTT4 - ĐH K13 2018603377 ThS. Vũ Minh Yến 20 Nghiên cứu Web 3D và ứng dụng hỗ trợ phát triển kỹ năng đọc sách cho trẻ em. Trần Thị Thu 2018DHCNTT4 - ĐH K13 2018603525 ThS. Vũ Minh Yến 21 Nghiên cứu xử lý multiplayer trong ứng dụng 3D. Đào Văn Nguyên (CN) 2019DHCNTT1 - ĐH K14 2019600731 ThS. Vũ Minh Yến 21 Nghiên cứu xử lý multiplayer trong ứng dụng 3D. Phạm Thế Phúc 2019DHCNTT1 - ĐH K14 2019600331 ThS. Vũ Minh Yến 22 Nghiên cứu MongoDB và ứng dụng trong cân bằng tải Mai Thị Hường (CN) 2019DHKTPM4 - ĐH K14 2019605690 ThS. Nguyễn Thị Hương Lan 22 Nghiên cứu MongoDB và ứng dụng trong cân bằng tải Nguyễn Khắc Huy 2019DHKTPM4 - ĐH K14 2019606088 ThS. Nguyễn Thị Hương Lan 22 Nghiên cứu MongoDB và ứng dụng trong cân bằng tải Tạ Văn Hiếu 2019DHKTPM4 - ĐH K14 2019605809 ThS. Nguyễn Thị Hương Lan 22 Nghiên cứu MongoDB và ứng dụng trong cân bằng tải Trần Huy Cảnh 2019DHKTPM4 - ĐH K14 2019605959 ThS. Nguyễn Thị Hương Lan 23 Xây dựng website Quản lý kết quả học tập và trao đổi thông tin giữa giáo viên và phụ huynh học sinh trong học online Phạm Văn Biển (CN) 2019DHCNTT6 - ĐH K14 2019607190 ThS. Vũ Thị Tuyết Mai 23 Xây dựng website Quản lý kết quả học tập và trao đổi thông tin giữa giáo viên và phụ huynh học sinh trong học online Tạ Việt Khang 2019DHCNTT6 - ĐH K14 2019607077 ThS. Vũ Thị Tuyết Mai 23 Xây dựng website Quản lý kết quả học tập và trao đổi thông tin giữa giáo viên và phụ huynh học sinh\n']","['hội Nguyễn Anh Tuấn 2020DHHTTT2 - ĐH K15 2020603500 ThS. Nguyễn Thị Nhung 41 Xây dựng ứng dụng web phục vụ học và thi trực tuyến các môn lập trình Nguyễn Quốc Duy (CN) 2019DHCNTT4 - ĐH K14 2019603906 ThS. Phạm Thế Anh 41 Xây dựng ứng dụng web phục vụ học và thi trực tuyến các môn lập trình Phan Quốc Khánh 2019DHCNTT4 - ĐH K14 2019604796 ThS. Phạm Thế Anh 41 Xây dựng ứng dụng web phục vụ học và thi trực tuyến các môn lập trình Hà Quốc Phong 2019DHCNTT4 - ĐH K14 2019604846 ThS. Phạm Thế Anh 41 Xây dựng ứng dụng web phục vụ học và thi trực tuyến các môn lập trình Trần Xuân Quyền 2019DHCNTT4 - ĐH K14 2019604313 ThS. Phạm Thế Anh 41 Xây dựng ứng dụng web phục vụ học và thi trực tuyến các môn lập trình Lê Văn Tâm 2019DHCNTT4 - ĐH K14 2019604540 ThS. Phạm Thế Anh 42 Xây dựng ứng dụng web sử dụng luật kết hợp để trợ giúp mua hàng Nguyễn Tiến Dũng (CN) 2020DHKTPM1 - ĐH K15 2020600278 ThS. Nguyễn Thanh Hải 42 Xây dựng ứng dụng web sử dụng luật kết hợp để trợ giúp mua hàng Phạm Hoàng Tiến 2020DHKTPM1 - ĐH K15 2020600235 ThS. Nguyễn Thanh Hải 42 Xây dựng ứng dụng web sử dụng luật kết hợp để trợ giúp mua hàng Cao Văn Sơn 2020DHKTPM1 - ĐH K15 2020600313 ThS. Nguyễn Thanh Hải 42 Xây dựng ứng dụng web sử dụng luật kết hợp để trợ giúp mua hàng Đào Văn Hiếu 2020DHKTPM1 - ĐH K15 2020600239 ThS. Nguyễn Thanh Hải 43 Xây dựng ứng dụng phục vụ dạy học gia sư trên nền tảng di động. Nguyễn Mạnh Cường (CN) 2020DHKHPM2 - ĐH K15 2020602722 ThS. Nguyễn Trung Phú 43 Xây dựng ứng dụng phục vụ dạy học gia sư trên nền tảng di động. Lê Danh Đại Dương 2020DHKHPM2 - ĐH K15 2020602880 ThS. Nguyễn Trung Phú 44 So sánh và đánh giá các chỉ tiêu kỹ thuật của các nền tảng Framework Java và PHP trong phát triển Web Trần Hoàng Minh Quang (CN) 2020DHCNTT1 - ĐH K15 2020600527 ThS. Hoàng Quang Huy 44 So sánh và đánh giá các chỉ tiêu kỹ thuật của các nền tảng Framework Java và PHP trong phát triển Web Phạm Khang Duy 2020DHCNTT1 - ĐH K15 2020601285 ThS. Hoàng Quang Huy 44 So sánh và đánh giá các chỉ tiêu kỹ thuật của các nền tảng Framework Java và PHP trong phát triển Web Nghiêm Đăng Duy Thắng 2020DHCNTT1 - ĐH K15 2020601070 ThS. Hoàng Quang Huy 45 Nghiên cứu giải pháp phần mềm mô hình hóa không gian nội thất trên nền web. Nguyễn Văn Thắng (CN) 2020DHCNTT1 - ĐH K15 2020600875 ThS. Hoàng Quang Huy 45 Nghiên cứu giải pháp phần mềm mô hình hóa không gian nội thất trên nền web. Đỗ Xuân Chiến 2020DHCNTT1 - ĐH K15 2020600227 ThS. Hoàng Quang Huy 45 Nghiên cứu giải pháp phần mềm mô hình hóa không gian nội thất trên nền web. Nguyễn Văn Việt 2020DHCNTT1 - ĐH K15 2020600886 ThS. Hoàng Quang Huy 46 Nghiên cứu mô hình O2O và xây dựng ứng dụng kết nối bán hàng. Phạm Hồng Thái (CN) 2019DHKHMT1 - ĐH K14 2019601279 ThS. Nguyễn Thị Hương Lan 46 Nghiên cứu mô hình O2O và xây dựng ứng dụng kết nối bán hàng. Phạm Tiến Đạt 2019DHKHMT1 - ĐH K14 2019600473 ThS. Nguyễn Thị Hương Lan 47 Xây dựng ứng dụng web hỗ trợ học tập, tra cứu tài liệu, và lập trình. Trần Viết Cường (CN) 2020DHKHMT1 - ĐH K15 2020600322 ThS. Trần Phương Nhung 47 Xây dựng ứng dụng web hỗ trợ học tập, tra cứu tài liệu, và lập trình. Nguyễn Khắc Hiếu 2019DHKHMT1 - ĐH K14 2019602187 ThS. Trần Phương Nhung 48 Ứng dụng chuẩn mật mã dữ liệu (DES) vào hỗ trợ thi tuyển sinh đại học. Phạm Việt Anh (CN) 2020DHKHMT2 - ĐH K15 2020605676 ThS. Trần Phương Nhung 48 Ứng dụng chuẩn mật mã dữ liệu (DES) vào hỗ trợ thi tuyển sinh đại học. Lý Trần Hồng Minh 2020DHKHMT2 - ĐH K15 2020605555 ThS. Trần Phương Nhung 49 Nghiên cứu cách mô phỏng và cài đặt khuôn mẫu cho cấu trúc dữ liệu danh sách kế tiếp và ứng dụng trong bài toán quản lý thí sinh bằng ngôn ngữ lập trình C++. Lê Thị Thu Trà (CN) 2020DHCNTT2 - ĐH K15 2020602050 ThS. An Văn Minh 49 Nghiên cứu cách mô phỏng và cài đặt khuôn mẫu cho cấu trúc dữ liệu danh sách kế tiếp và ứng dụng trong bài toán quản lý thí sinh bằng ngôn ngữ lập trình C++. Cao Việt Tùng 2020DHCNTT2 - ĐH K15 2020602039 ThS. An Văn Minh 49 Nghiên cứu cách mô phỏng và cài đặt khuôn mẫu cho cấu trúc dữ liệu danh sách kế tiếp và ứng dụng trong bài toán quản lý thí sinh bằng ngôn ngữ lập trình C++. Đào Đức Cháng 2020DHCNTT3 - ĐH K15 2020603589 ThS. An Văn Minh 50 Nghiên cứu cách mô phỏng và cài đặt khuôn mẫu cho cấu trúc dữ liệu danh sách móc nối và ứng dụng trong bài toán quản lý thư viện bằng ngôn ngữ lập trình C++. Vũ Văn Huyên (CN) 2020DHCNTT2 - ĐH K15 2020602380 ThS. An Văn Minh 50 Nghiên cứu cách mô phỏng và cài đặt khuôn mẫu cho cấu trúc dữ liệu danh sách móc nối và ứng dụng trong bài toán quản lý thư viện bằng ngôn ngữ lập trình C++. Đoàn Văn Quân 2020DHCNTT2 - ĐH K15 2020602342 ThS. An Văn Minh 51 Nghiên cứu kiến trúc và tiến trình triển khai CMM/CMMi ứng dụng hỗ trợ cho các tổ chức trong lĩnh vực công nghệ thông tin xây dựng mô hình hoạt động đảm bảo chất lượng đạt chứng chỉ quốc tế CMM/CMMi Nguyễn Thế Vinh (CN) 2018DHKTPM1 - ĐH K13 2018601797 TS. Vũ Đình Minh']","Tôi không có thông tin này và khuyến nghị bạn tham khảo nguồn khác. Nếu bạn có câu hỏi khác liên quan đến khoa công nghệ thông tin tại trường đại học công nghiệp Hà Nội, hãy cho tôi biết!",ThS. Nguyễn Thanh Hải đã tham gia vào các dự án xây dựng ứng dụng web sử dụng luật kết hợp để trợ giúp mua hàng và xây dựng ứng dụng phục vụ dạy học gia sư trên nền tảng di động.,0.49999999995,0.5,0.0,0.0,0.9069790840148926,1.031491994857788
Nguyễn Văn Hưng đã thực hiện đề tài nào trong năm 2021?,"['content: Hội nghị tổng kết năm học 2020-2021, triển khai nhiệm vụ năm học 2021-2022 Thứ Bảy, 21:55 28/08/2021 2686 Sáng 28/8, Bộ Giáo dục và Đào tạo (GDĐT) tổ chức Hội nghị tổng kết năm học 2020-2021 và triển khai nhiệm vụ năm học 2021-2022. Hội nghị tổ chức theo hình thức trực tuyến với điểm cầu trung tâm tại Văn phòng Chính phủ, kết nối với Bộ GDĐT, 63 tỉnh/thành phố và hơn 400 điểm cầu tại các cơ sở giáo dục đại học. Thủ tướng Chính phủ Phạm Minh Chính dự và chủ trì Hội nghị. Thủ tướng Chính phủ Phạm Minh Chính chủ trì Hội nghị Dự Hội nghị có Trưởng Ban Tuyên giáo Trung ương Nguyễn Trọng Nghĩa; nguyên Phó Chủ tịch nước Nguyễn Thị Doan, Chủ tịch Hội Khuyến học Việt Nam; Chủ nhiệm Ủy ban Văn hóa - Giáo dục của Quốc hội Nguyễn Đắc Vinh; Chủ nhiệm Ủy ban các vấn đề xã hội của Quốc hội Nguyễn Thúy Anh; Bộ trưởng Bộ LĐ, TB&XH Đào Ngọc Dung; Bộ trưởng Bộ Thông tin và Truyền thông Nguyễn Mạnh Hùng; Bộ trưởng, Chủ nhiệm Ủy ban Dân tộc Hầu A Lềnh; Bộ trưởng, Chủ nhiệm Văn phòng Chính phủ Trần Văn Sơn; đại diện lãnh đạo các Bộ: Nội vụ, Văn hóa Thể thao và Du lịch, Tài chính, Bộ Y tế, Kế hoạch - Đầu tư; đại diện Ủy ban Trung ương MTTQVN, Trung ương Đoàn TNCSHCM. Về phía Bộ GDĐT, có sự tham dự của Bộ trưởng Nguyễn Kim Sơn; các Thứ trưởng: Nguyễn Hữu Độ, Nguyễn Văn Phúc, Phạm Ngọc Thưởng; Ngô Thị Minh, Hoàng Minh Sơn; đại diện lãnh đạo các Cục, Vụ, đơn vị trực thuộc Bộ. Cùng đại diện lãnh đạo địa phương, lãnh đạo các Sở GDĐT 63 tỉnh thành trên cả nước. Thực hiện thành công mục tiêu kép Báo cáo tại Hội nghị, Thứ trưởng Bộ GDĐT Hoàng Minh Sơn cho biết, năm học 2020-2021 diễn ra trong bối cảnh nhiều khó khăn, thách thức, đặc biệt sự bùng phát của đại dịch Covid-19 tác động mạnh mẽ đến hoạt động của ngành Giáo dục, khiến nhiều giai đoạn học sinh không thể học trực tiếp tại trường. Trong bối cảnh đó, Giáo dục Việt Nam đã linh hoạt, chủ động chuyển trạng thái để thích ứng tình hình mới và thực hiện mục tiêu kép là: bảo đảm an toàn phòng dịch và hoàn thành các nhiệm vụ năm học đảm bảo chất\nnext_contents:\n', 'content: luật. (2) Phát triển nguồn nhân lực, nhất là nguồn nhân lực chất lượng cao; ưu tiên phát triển nguồn nhân lực cho công tác lãnh đạo, quản lý và các lĩnh vực then chốt trên cơ sở nâng cao, tạo bước chuyển biến mạnh mẽ, toàn diện, cơ bản về chất lượng giáo dục, đào tạo gắn với cơ chế tuyển dụng, sử dụng, đãi ngộ nhân tài, đẩy mạnh nghiên cứu, chuyển giao, ứng dụng và phát triển mạnh khoa học - công nghệ, đổi mới sáng tạo; khơi dậy khát vọng phát triển đất nước phồn vinh, hạnh phúc, phát huy giá trị văn hoá, sức mạnh con người Việt Nam, tinh thần đoàn kết, tự hào dân tộc trong sự nghiệp xây dựng và bảo vệ Tổ quốc. (3) Xây dựng hệ thống kết cấu hạ tầng đồng bộ, hiện đại cả về kinh tế và xã hội; ưu tiên phát triển một số công trình trọng điểm quốc gia về giao thông, thích ứng với biến đổi khí hậu; chú trọng phát triển hạ tầng thông tin, viễn thông, tạo nền tảng chuyển đổi số quốc gia, từng bước phát triển kinh tế số, xã hội số. Đảng bộ Trường Đại học Công nghiệp Hà Nội sẽ triển khai các chương trình, kế hoạch cụ thể đến các chi bộ và Đảng viên, gắn nhiệm vụ với thực tiễn của nhà trường để Nghị quyết Đại hội XIII và các chủ trương, chỉ đạo của Đảng thực sự đi vào cuộc sống. Hội nghị diễn ra dưới hình thức trực tuyến với 13 điểm cầu tại Đại học Công nghiệp Hà Nội. Tổng kết công tác xây dựng Đảng và khen thưởng năm 2021 Báo cáo công tác xây dựng Đảng năm 2021 và nhiệm vụ trọng tâm công tác 6 tháng đầu năm 2022, NGND.PGS.TS.Trần Đức Quý- Bí thư Đảng ủy, Hiệu trưởng Nhà trường nhấn mạnh: Trong 6 tháng cuối năm 2021, dịch bệnh Covid 19 diễn biến phức tạp, kéo dài ảnh hưởng đến tất cả các hoạt động của nhà trường, nhưng Đảng ủy đã lãnh đạo toàn diện các hoạt động của nhà trường, hoàn thành xuất sắc các nhiệm vụ trọng tâm: 1. Hoàn thành chỉ tiêu tuyển sinh năm học 2021-2022; tổ chức đào tạo phù hợp với diến biến của dịch bệnh Covid 19; Tổ chức phòng chống dịch bệnh Covid 19 hiệu quả, an toàn theo các văn bản chỉ đạo của cấp trên cũng như tiêm vaccine cho 100% Viên chức, Người\nnext_contents:\n- chỉ số hạnh phúc của con người Việt Nam. (5) Hoàn thiện đồng bộ hệ thống pháp luật, cơ chế, chính sách nhằm phát huy mạnh mẽ dân chủ xã hội chủ nghĩa, quyền làm chủ của nhân dân; đồng thời xây dựng Nhà nước pháp quyền xã hội chủ nghĩa Việt Nam trong sạch, vững mạnh; cải cách tư pháp, tăng cường pháp chế, bảo đảm kỷ cương xã hội, trước hết là sự gương mẫu tuân theo pháp luật, thực hành dân chủ xã hội chủ nghĩa của cấp uỷ, tổ chức đảng, chính quyền, Mặt trận Tổ quốc Việt Nam và tổ chức chính trị - xã hội các cấp, của cán bộ, đảng viên; tăng cường đại đoàn kết toàn dân tộc. (6) Quản lý chặt chẽ, sử dụng hợp lý, hiệu quả đất đai, tài nguyên; bảo vệ, cải thiện môi trường; chủ động, tích cực triển khai các giải pháp thích ứng với biến đổi khí hậu, thiên tai khắc nghiệt. Đại biểu dự Hội nghị Các đột phá chiến lược: (1) Hoàn thiện đồng bộ thể chế phát triển, trước hết là thể chế phát triển nền kinh tế thị trường định hướng xã hội chủ nghĩa. Đổi mới quản trị quốc gia theo hướng hiện đại, cạnh tranh hiệu quả. Tập trung ưu tiên hoàn thiện đồng bộ, có chất lượng và tổ chức thực hiện tốt hệ thống luật pháp, cơ chế, chính sách, tạo lập môi trường đầu tư kinh doanh thuận lợi, lành mạnh, công bằng cho mọi thành phần kinh tế, thúc đẩy đổi mới sáng tạo; huy động, quản lý và sử dụng có hiệu quả mọi nguồn lực cho phát triển, nhất là đất đai, tài chính, hợp tác công - tư; đẩy mạnh phân cấp, phân quyền hợp lý, hiệu quả, đồng thời tăng cường kiểm tra, giám sát, kiểm soát quyền lực bằng hệ thống pháp luật. (2) Phát triển nguồn nhân lực, nhất là nguồn nhân lực chất lượng cao; ưu tiên phát triển nguồn nhân lực cho công tác lãnh đạo, quản lý và các lĩnh vực then chốt trên cơ sở nâng cao, tạo bước chuyển biến mạnh mẽ, toàn diện, cơ bản về chất lượng giáo dục, đào tạo gắn với cơ chế tuyển dụng, sử dụng, đãi ngộ nhân tài, đẩy mạnh nghiên cứu, chuyển giao, ứng dụng và phát triển mạnh khoa học - công nghệ, đổi mới sáng tạo; khơi dậy khát vọng phát triển đất nước phồn vinh, hạnh phúc, phát huy giá\n', 'content: Hội nghị viên chức, người lao động Trường Đại học Công nghiệp Hà Nội năm 2022 đề ra 5 nhiệm vụ trọng tâm Thứ Sáu, 15:43 28/10/2022 2001 Sáng ngày 28/10, Trường Đại học Công nghiệp Hà Nội tổ chức Hội nghị viên chức, người lao động, tổng kết năm học 2021 – 2022 và triển khai nhiệm vụ năm học 2022 – 2023. PGS.TS.Trần Đức Quý - Bí thư Đảng ủy, Hiệu trưởng nhà trường; PGS.TS.Phạm Văn Đông, Chủ tịch Công đoàn trường chủ trì Hội nghị. Về dự Hội nghị, có ông Trần Quang Huy - Chủ tịch Công đoàn Công Thương Việt Nam; ông Lê Việt Long - Chánh Thanh tra Bộ Công Thương; Đảng ủy, Hội đồng Trường, Ban Giám hiệu, Ban chấp hành Công đoàn trường và 616 đại biểu đại diện viên chức, người lao động của Trường Đại học Công nghiệp Hà Nội. Đại biểu tham dự Hội nghị tại Hội trường tầng 3, Nhà A11 Đại biểu tham dự tại điểm cầu tầng 2 nhà A3 Tại Hội nghị, NGND.PGS.TS.Trần Đức Quý - Bí thư Đảng ủy, Hiệu trưởng nhà trường trình bày báo cáo tổng kết năm học 2021 - 2022 và triển khai nhiệm vụ năm học 2022 - 2023. Thầy Hiệu trưởng nhấn mạnh: năm học 2021 - 2022 tiếp tục với hoạt động đào tạo trực tuyến do ảnh hưởng của dịch bệnh COVID-19, nhưng tập thể đội ngũ viên chức, giảng viên, sinh viên Trường Đại học Công nghiệp Hà Nội đã nỗ lực vượt qua, biến khó khăn thành thời cơ để đổi mới, sáng tạo, hoàn thành xuất sắc nhiệm vụ năm học. NGND.PGS.TS.Trần Đức Quý - Bí thư Đảng ủy, Hiệu trưởng Nhà trường tổng kết năm học 2021 - 2022, trình bày phương hướng năm học 2022 - 2023 Nhà trường tiếp tục khẳng định vị thế, danh tiếng của mình, tạo niềm tin cho người học và xã hội, với số lượng thí sinh đăng ký dự tuyển cao: Năm 2021 nhà trường tiếp nhận 133.164 nguyện vọng đăng ký xét tuyển của 82.910 thí sinh, hơn 8.000 học viên, sinh viên trúng tuyển vào trường với điểm đầu vào cao hơn các năm trước. Năm học 2021-2022, nhà trường mở mới 06 ngành/CTĐT trình độ Đại học; xây dựng 07 chương trình đào tạo Kỹ sư; cập nhật, chỉnh sửa cho 20 chương trình đào tạo; xây dựng mới 107 bộ đề cương chi tiết học phần, chỉnh\nnext_contents:\n', 'content: xuất sắc nhiệm vụ” - đạt tỷ lệ 22,6%; 24 Chi bộ đạt “Hoàn thành tốt nhiệm vụ” - đạt tỷ lệ 72,7%. Triển khai nhiệm vụ 6 tháng đầu năm 2021, Đảng bộ nhà trường đề ra các nhiệm vụ trọng tâm cần thực hiện, đó là: 1. Lãnh đạo thực hiện kế hoạch tuyển sinh 2021 phù hợp với quy định mới; tiếp tục thực hiện các chương trình đào tạo theo CDIO, đề án đại học điện tử, đề án tự chủ đại học. 2. Kiện toàn một số đơn vị trong trường theo hướng thu gọn đầu mối. Tiếp tục triển khai một số dự án, đề án phát triển nhà trường. Hội nghị là đợt sinh hoạt chính trị có ý nghĩa sâu rộng, quan trọng, đặc biệt nhằm tạo sự chuyển biến về nhận thức, thống nhất ý chí, hành động trong Đảng bộ và sự đồng thuận cao trong toàn thể cán bộ, viên chức và người lao động toàn trường. Thứ Tư, 17:33 30/12/2020 Tags: Hội nghị triển khai nghị quyết đại hội đảng bộ thành phố Hà Nội đảng bộ khối đại học cao đẳng tổng kết nhiệm vụ đại học công nghiệp hà nội ĐHCNHN HaUI\nnext_contents:\n- công tác năm 2021, PGS.TS. Trần Đức Quý - Bí thư Đảng ủy, Hiệu trưởng nhà trường nhấn mạnh: Trong năm 2020, Đảng ủy đã lãnh đạo toàn diện các hoạt động của nhà trường và hoàn thành xuất sắc các nhiệm vụ trọng tâm: 1. Hoàn thành chỉ tiêu tuyển sinh năm học 2020 - 2021; tổ chức phòng chống dịch bệnh Covid-19 hiệu quả, an toàn theo các văn bản chỉ đạo của cấp trên; tiếp tục triển khai có hiệu quả đổi mới giáo dục đại học (xây dựng chương trình CDIO, quản trị nhà trường theo mô hình đại học Điện tử, Đề án tự chủ đại học; tiếp tục triển khai một số dự án, đề án phát triển nhà trường,...) 2. Tổ chức Hội nghị viên chức, người lao động và tổng kết năm học 2019 - 2020 từ cấp đơn vị đến nhà trường với các nội dung phù hợp, thiết thực và đạt hiệu quả cao. 3. Tổ chức thành công Đại hội 33 chi bộ nhiệm kỳ 2020 - 2023 và Đại hội Đảng bộ nhà trường lần thứ VII nhiệm kỳ 2020 - 2025. PGS.TS. Trần Đức Quý - Bí thư Đảng ủy, Hiệu trưởng nhà trường trình bày Báo cáo tổng kết công tác xây dựng Đảng năm 2020 PGS.TS. Trần Đức Quý cũng đề cập tới một số kết quả nổi bật trong công tác xây dựng Đảng, như: - Triển khai, thực hiện Chỉ thị 05-CT/TW “Học tập và làm theo tư tưởng, đạo đức, phong cách Hồ Chí Minh” và Học tập chuyên đề năm 2020. Tổ chức lớp “Bồi dưỡng kết nạp Đảng” và lớp “Bồi dưỡng chính trị dành cho Đảng viên mới” năm 2020. - Tiến hành kiểm điểm tự phê bình và phê bình năm 2020 đối với BCH Đảng bộ. Tổ chức đánh giá và phân loại Chi bộ Đảng và Đảng viên năm 2020, với 7 Chi bộ đạt “Hoàn thành xuất sắc nhiệm vụ” - đạt tỷ lệ 22,6%; 24 Chi bộ đạt “Hoàn thành tốt nhiệm vụ” - đạt tỷ lệ 72,7%. Triển khai nhiệm vụ 6 tháng đầu năm 2021, Đảng bộ nhà trường đề ra các nhiệm vụ trọng tâm cần thực hiện, đó là: 1. Lãnh đạo thực hiện kế hoạch tuyển sinh 2021 phù hợp với quy định mới; tiếp tục thực hiện các chương trình đào tạo theo CDIO, đề án đại học điện tử, đề án tự chủ đại học. 2. Kiện toàn một số đơn vị trong trường theo hướng thu gọn đầu mối. Tiếp tục triển khai một số dự án, đề án phát\n']","['Tổng hợp đề tài sinh viên nghiên cứu khoa học năm 2021 NĂM 2021 STT Tên đề tài Thành viên thực hiện Lớp MSV Người hướng dẫn 1 Phát triển phần mềm tóm tắt nhanh văn bản đa ngôn ngữ theo tiếp cận mạng phức hợp. Ngô Công Đức (CN) 2017DHKTPM2 - ĐH K12 2017604466 TS. Trần Tiến Dũng 2 Xây dựng ứng dụng hỗ trợ an toàn trong lái xe bằng công nghệ AI Lê Anh Tuấn (CN) 2018DHCNTT3 - ĐH K13 2018603029 ThS. Trần Thanh Hùng 3 Nghiên cứu, xây dựng ứng dụng thực tế ảo hỗ trợ giáo dục Quốc phòng – An ninh Nguyễn Văn Hưng (CN) 2019DHKTPM3 - ĐH K14 2019604370 ThS. Vũ Đức Huy 3 Nghiên cứu, xây dựng ứng dụng thực tế ảo hỗ trợ giáo dục Quốc phòng – An ninh Quách Công Hiếu 2019DHKTPM3 - ĐH K14 2019604501 ThS. Vũ Đức Huy 3 Nghiên cứu, xây dựng ứng dụng thực tế ảo hỗ trợ giáo dục Quốc phòng – An ninh Nguyễn Anh Đức 2019DHKTPM1 - ĐH K14 2019601675 ThS. Vũ Đức Huy 3 Nghiên cứu, xây dựng ứng dụng thực tế ảo hỗ trợ giáo dục Quốc phòng – An ninh Đỗ Thị Thu Hương 2019DHKTPM1 - ĐH K14 2019600527 ThS. Vũ Đức Huy 4 Nghiên cứu phát triển ứng dụng phân tích hành vi người dùng sử dụng nền tảng học máy ML.NET Nguyễn Thị Thủy (CN) 2019DHHTTT2 - ĐH K14 2019605834 TS. Phạm Văn Hà 4 Nghiên cứu phát triển ứng dụng phân tích hành vi người dùng sử dụng nền tảng học máy ML.NET Lê Mạnh Cường 2019DHHTTT2 - ĐH K14 2019605530 TS. Phạm Văn Hà 5 Nghiên cứu phát triển một số bài thí nghiệm vật lý ảo trên môi trường web sử dụng HTML5 và ngôn ngữ Script Lù Thị Thu Hằng (CN) 2019DHKTPM1 - ĐH K14 2019600148 TS. Phạm Văn Hà 5 Nghiên cứu phát triển một số bài thí nghiệm vật lý ảo trên môi trường web sử dụng HTML5 và ngôn ngữ Script Phạm Thị Việt Anh 2019DHKTPM1 - ĐH K14 2019600941 TS. Phạm Văn Hà 5 Nghiên cứu phát triển một số bài thí nghiệm vật lý ảo trên môi trường web sử dụng HTML5 và ngôn ngữ Script Đỗ Thị Băng Nhi 2019DHKTPM1 - ĐH K14 2019601360 TS. Phạm Văn Hà 6 K15 2020601390 ThS. Vũ Thị Dương 57 Xây dựng website hỗ trợ học tập cho sinh viên HaUI. Nguyễn Thị Thu Phương 2020DHHTTT1 - ĐH K15 2020602360 ThS. Vũ Thị Dương 57 Xây dựng website hỗ trợ học tập cho sinh viên HaUI. Nguyễn Văn Lộc 2020DHHTTT1 - ĐH K15 2020602207 ThS. Vũ Thị Dương 58 Nghiên cứu bài toán xác định cảm xúc của sinh viên trong các lớp học trực tuyến sử dụng trí tuệ nhân tạo Phùng Thế Tài (CN) 2018DHKTPM2 - ĐH K13 2018603371 TS. Trần Tiến Dũng 58 Nghiên cứu bài toán xác định cảm xúc của sinh viên trong các lớp học trực tuyến sử dụng trí tuệ nhân tạo Lê Hoàng Thạch 2019DHKTPM3 - ĐH K14 2019604052 TS. Trần Tiến Dũng 59 Nghiên cứu và phát triển ứng dụng “Cooking App"" dạy nấu ăn trên nền tảng công nghệ mobile Vũ Minh Tuấn (CN) 2019DHCNTT2 - ĐH K14 2019602084 ThS. Vũ Anh Tú 59 Nghiên cứu và phát triển ứng dụng “Cooking App"" dạy nấu ăn trên nền tảng công nghệ mobile Phan Trọng Trường 2019DHCNTT2 - ĐH K14 2019602642 ThS. Vũ Anh Tú 59 Nghiên cứu và phát triển ứng dụng “Cooking App"" dạy nấu ăn trên nền tảng công nghệ mobile Bùi Như Toán 2019DHCNTT2 - ĐH K14 2019602708 ThS. Vũ Anh Tú 59 Nghiên cứu và phát triển ứng dụng “Cooking App"" dạy nấu ăn trên nền tảng công nghệ mobile Nguyễn Văn Song 2019DHCNTT2 - ĐH K14 2019602353 ThS. Vũ Anh Tú 59 Nghiên cứu và phát triển ứng dụng “Cooking App"" dạy nấu ăn trên nền tảng công nghệ mobile Phạm Huy Thành 2019DHCNTT2 - ĐH K14 2019602140 ThS. Vũ Anh Tú Thứ Hai, 12:58 06/12/2021 Tags:']","Tôi không có thông tin này và khuyến nghị bạn tham khảo nguồn khác. Nếu bạn có câu hỏi khác liên quan đến khoa công nghệ thông tin tại trường đại học công nghiệp Hà Nội, hãy cho tôi biết!","Nguyễn Văn Hưng đã thực hiện đề tài 'Nghiên cứu, xây dựng ứng dụng thực tế ảo hỗ trợ giáo dục Quốc phòng – An ninh' trong năm 2021.",0.0,0.0,0.0,0.0,0.5996758937835693,1.0852069854736328
